rows,query,iteration,limit,cache,count_ms,first128_ms,total_ms,sqlite_cache_bytes
5000,folder,0,0,connection-cold,1.55575,0.818,4.84329,2103040
5000,folder,0,0,warm,0.933625,0.649875,4.01912,2103040
5000,folder,0,268435456,connection-cold,1.04071,0.667083,3.99996,22784
5000,folder,0,268435456,warm,0.745167,0.618375,3.56838,22784
5000,folder,1,268435456,connection-cold,0.977083,0.635042,3.88954,22784
5000,folder,1,268435456,warm,0.7405,0.606833,3.54879,22784
5000,folder,1,0,connection-cold,1.06888,0.66825,4.10283,2103040
5000,folder,1,0,warm,0.921583,0.626959,3.87117,2103040
5000,folder,2,0,connection-cold,0.999666,0.652709,3.96992,2103040
5000,folder,2,0,warm,0.9215,0.626625,3.85717,2103040
5000,folder,2,268435456,connection-cold,0.967125,0.629291,3.86092,22784
5000,folder,2,268435456,warm,0.73225,0.601333,3.55958,22784
5000,folder,3,268435456,connection-cold,0.971625,0.62975,3.87138,22784
5000,folder,3,268435456,warm,0.741291,0.607084,3.54696,22784
5000,folder,3,0,connection-cold,1.04904,0.671041,4.08092,2103040
5000,folder,3,0,warm,0.926916,0.629709,3.86675,2103040
5000,folder,4,0,connection-cold,0.984416,0.649417,3.96546,2103040
5000,folder,4,0,warm,0.907458,0.627167,3.85279,2103040
5000,folder,4,268435456,connection-cold,0.938125,0.632791,3.82821,22784
5000,folder,4,268435456,warm,0.736333,0.608334,3.52738,22784
5000,folder,5,268435456,connection-cold,0.993625,0.627375,3.88875,22784
5000,folder,5,268435456,warm,0.742375,0.605666,3.54342,22784
5000,folder,5,0,connection-cold,1.04029,0.660959,4.06871,2103040
5000,folder,5,0,warm,0.935417,0.63325,3.88229,2103040
5000,folder,6,0,connection-cold,0.994292,0.645542,3.96113,2103040
5000,folder,6,0,warm,0.904625,0.635,3.84558,2103040
5000,folder,6,268435456,connection-cold,0.93,0.629,3.82558,22784
5000,folder,6,268435456,warm,0.740834,0.610041,3.55429,22784
5000,folder,7,268435456,connection-cold,0.970417,0.624291,3.86963,22784
5000,folder,7,268435456,warm,0.74575,0.611416,3.57925,22784
5000,folder,7,0,connection-cold,1.05075,0.651291,4.06242,2103040
5000,folder,7,0,warm,0.936,0.631125,3.90654,2103040
5000,keyword,0,0,connection-cold,2.27458,0.97925,6.10383,2103040
5000,keyword,0,0,warm,2.14375,0.939417,5.91533,2103040
5000,keyword,0,268435456,connection-cold,2.1035,0.831167,5.35825,22784
5000,keyword,0,268435456,warm,1.67312,0.80075,4.88079,22784
5000,keyword,1,268435456,connection-cold,2.01542,0.817583,5.25437,22784
5000,keyword,1,268435456,warm,1.69492,0.791959,4.88413,22784
5000,keyword,1,0,connection-cold,2.341,1.01537,6.36867,2103040
5000,keyword,1,0,warm,2.22067,0.966,6.21717,2103040
5000,keyword,2,0,connection-cold,2.37092,1.01204,6.41558,2103040
5000,keyword,2,0,warm,2.25808,0.998083,6.19879,2103040
5000,keyword,2,268435456,connection-cold,2.21212,1.01042,5.839,22784
5000,keyword,2,268435456,warm,1.82921,0.792,4.99525,22784
5000,keyword,3,268435456,connection-cold,2.27821,1.0455,6.09492,22784
5000,keyword,3,268435456,warm,2.15371,0.87475,5.73954,22784
5000,keyword,3,0,connection-cold,2.89796,1.08342,7.18213,2103040
5000,keyword,3,0,warm,2.47,1.00896,6.53879,2103040
5000,keyword,4,0,connection-cold,2.20371,0.936125,5.93992,2103040
5000,keyword,4,0,warm,2.32717,1.21583,6.89238,2103040
5000,keyword,4,268435456,connection-cold,2.41929,0.848458,5.72729,22784
5000,keyword,4,268435456,warm,1.71067,0.796584,4.91046,22784
5000,keyword,5,268435456,connection-cold,2.0995,0.843666,5.43592,22784
5000,keyword,5,268435456,warm,1.81246,0.8575,5.082,22784
5000,keyword,5,0,connection-cold,2.42242,0.949208,6.52775,2103040
5000,keyword,5,0,warm,2.75317,1.07262,7.06154,2103040
5000,keyword,6,0,connection-cold,2.60517,1.21417,6.89596,2103040
5000,keyword,6,0,warm,2.43662,0.986417,6.58617,2103040
5000,keyword,6,268435456,connection-cold,2.36667,0.845125,5.61225,22784
5000,keyword,6,268435456,warm,1.65225,0.776,4.77629,22784
5000,keyword,7,268435456,connection-cold,3.00787,0.954666,6.65838,22784
5000,keyword,7,268435456,warm,1.79917,0.825083,5.07946,22784
5000,keyword,7,0,connection-cold,2.58517,1.03933,6.55246,2103040
5000,keyword,7,0,warm,2.20429,0.972875,6.19329,2103040
100000,folder,0,0,connection-cold,19.9043,0.848959,52.1375,2103040
100000,folder,0,0,warm,19.1065,0.758459,51.5081,2103040
100000,folder,0,268435456,connection-cold,21.0681,0.728375,50.9253,22784
100000,folder,0,268435456,warm,15.918,0.674209,44.392,22784
100000,folder,1,268435456,connection-cold,20.4155,0.717959,50.2196,22784
100000,folder,1,268435456,warm,16.7407,0.755333,45.1715,22784
100000,folder,1,0,connection-cold,19.7282,0.819333,53.1438,2103040
100000,folder,1,0,warm,19.395,0.812917,52.1572,2103040
100000,folder,2,0,connection-cold,19.2472,0.779166,51.8625,2103040
100000,folder,2,0,warm,20.9558,0.854416,54.0553,2103040
100000,folder,2,268435456,connection-cold,21.283,0.717084,51.464,22784
100000,folder,2,268435456,warm,15.9422,0.693292,44.0695,22784
100000,folder,3,268435456,connection-cold,20.3827,0.73875,50.0739,22784
100000,folder,3,268435456,warm,16.6043,0.723875,45.9062,22784
100000,folder,3,0,connection-cold,20.8894,0.843709,54.468,2103040
100000,folder,3,0,warm,19.2012,0.762125,51.1686,2103040
100000,folder,4,0,connection-cold,19.016,0.769542,50.9925,2103040
100000,folder,4,0,warm,19.1542,0.767416,51.558,2103040
100000,folder,4,268435456,connection-cold,21.7783,0.843875,52.6642,22784
100000,folder,4,268435456,warm,16.2235,0.75175,45.5645,22784
100000,folder,5,268435456,connection-cold,21.7644,0.798625,52.6833,22784
100000,folder,5,268435456,warm,16.0577,0.71675,45.0446,22784
100000,folder,5,0,connection-cold,20.1061,0.78475,53.1841,2103040
100000,folder,5,0,warm,19.0722,0.75625,51.0894,2103040
100000,folder,6,0,connection-cold,19.0098,0.769917,52.0116,2103040
100000,folder,6,0,warm,19.0352,0.781417,51.1247,2103040
100000,folder,6,268435456,connection-cold,20.801,0.720291,50.3025,22784
100000,folder,6,268435456,warm,15.9468,0.678125,44.0778,22784
100000,folder,7,268435456,connection-cold,20.3697,0.724167,49.7651,22784
100000,folder,7,268435456,warm,15.8478,0.673542,44.0173,22784
100000,folder,7,0,connection-cold,19.2472,0.7615,52.1204,2103040
100000,folder,7,0,warm,19.6199,0.762417,52.5451,2103040
100000,keyword,0,0,connection-cold,48.0995,1.09613,86.9679,2103040
100000,keyword,0,0,warm,47.9966,1.12233,88.2433,2103040
100000,keyword,0,268435456,connection-cold,54.9494,1.02371,87.0985,22784
100000,keyword,0,268435456,warm,46.5091,0.984917,77.7769,22784
100000,keyword,1,268435456,connection-cold,53.9915,1.05404,87.6271,22784
100000,keyword,1,268435456,warm,46.4911,1.02033,78.13,22784
100000,keyword,1,0,connection-cold,47.6193,1.11475,87.8978,2103040
100000,keyword,1,0,warm,48.9714,1.15117,88.8815,2103040
100000,keyword,2,0,connection-cold,47.4202,1.18325,85.8154,2103040
100000,keyword,2,0,warm,47.0113,1.09792,85.3697,2103040
100000,keyword,2,268435456,connection-cold,54.3286,1.03642,87.7798,22784
100000,keyword,2,268435456,warm,47.3537,1.09996,80.3064,22784
100000,keyword,3,268435456,connection-cold,55.0617,1.09262,89.0233,22784
100000,keyword,3,268435456,warm,47.0303,1.07133,80.447,22784
100000,keyword,3,0,connection-cold,49.29,1.11208,90.3354,2103040
100000,keyword,3,0,warm,48.036,1.09846,86.9336,2103040
100000,keyword,4,0,connection-cold,48.1248,1.17525,88.5856,2103040
100000,keyword,4,0,warm,47.6972,1.08979,86.479,2103040
100000,keyword,4,268435456,connection-cold,54.4613,1.04458,89.4478,22784
100000,keyword,4,268435456,warm,46.7914,1.02804,81.4977,22784
100000,keyword,5,268435456,connection-cold,54.7967,1.03329,88.3316,22784
100000,keyword,5,268435456,warm,47.0184,1.10112,79.301,22784
100000,keyword,5,0,connection-cold,48.4859,1.15071,88.5905,2103040
100000,keyword,5,0,warm,47.5226,1.12121,86.3031,2103040
100000,keyword,6,0,connection-cold,47.7748,1.19296,86.3059,2103040
100000,keyword,6,0,warm,47.0252,1.09854,85.3168,2103040
100000,keyword,6,268435456,connection-cold,54.4454,1.02029,86.6367,22784
100000,keyword,6,268435456,warm,46.0398,1.00183,77.871,22784
100000,keyword,7,268435456,connection-cold,54.4735,1.04017,86.886,22784
100000,keyword,7,268435456,warm,47.0854,1.15708,79.8041,22784
100000,keyword,7,0,connection-cold,49.0888,1.15242,90.3265,2103040
100000,keyword,7,0,warm,48.8225,1.08896,88.1127,2103040
