sample,backend,case,us
0,production,count,131.515
0,production,read,144.313
0,scalar,count,174.444
0,scalar,read,177.659
1,scalar,count,169.282
1,scalar,read,186.008
1,production,count,131.161
1,production,read,146.185
2,scalar,count,163.799
2,scalar,read,182.315
2,production,count,130.201
2,production,read,143.618
3,scalar,count,166.222
3,scalar,read,177.415
3,production,count,131.718
3,production,read,147.486
4,production,count,129.512
4,production,read,146.357
4,scalar,count,170.045
4,scalar,read,184.514
5,production,count,131.33
5,production,read,148.472
5,scalar,count,179.928
5,scalar,read,188.185
6,production,count,129.349
6,production,read,143.383
6,scalar,count,164.178
6,scalar,read,176.95
