sample,case,mode,backend,bytes,iterations,us,checksum
0,game_acceptance_7k,metadata,baseline,1209,100,52.82916,1416673700
0,game_acceptance_7k,metadata,candidate,1209,100,48.74667,1416673700
0,synthetic_sjis_auto,file,candidate,174155,6,4876.0625,1536162240
0,synthetic_sjis_auto,file,baseline,174155,6,6325.090333,1536162240
0,game_acceptance_7k,full,candidate,1209,100,53.80334,1416674200
0,game_acceptance_7k,full,baseline,1209,100,58.775,1416674200
0,synthetic_ascii_dense,full,baseline,174153,6,5785.909833,1536162240
0,synthetic_ascii_dense,full,candidate,174153,6,4801.8055,1536162240
0,synthetic_ascii_sparse,full,baseline,2633,100,116.6025,25600032000
0,synthetic_ascii_sparse,full,candidate,2633,100,101.215,25600032000
0,fixture_regression_jack_the_ripper_7normal,full,candidate,84000,12,1919.7465,1708996212
0,fixture_regression_jack_the_ripper_7normal,full,baseline,84000,12,2502.8125,1708996212
0,game_acceptance_7k,file,baseline,1209,100,72.92792,1416674200
0,game_acceptance_7k,file,candidate,1209,100,67.20208,1416674200
0,fixture_aleph0_another,metadata,baseline,85763,12,2195.211833,1664621220
0,fixture_aleph0_another,metadata,candidate,85763,12,1845.861167,1664621220
0,fixture_mode_8k,metadata,candidate,245,100,11.74334,400000800
0,fixture_mode_8k,metadata,baseline,245,100,12.5575,400000800
0,fixture_mode_8k,full,candidate,245,100,13.30167,400001000
0,fixture_mode_8k,full,baseline,245,100,14.17625,400001000
0,fixture_example,file,candidate,73937,14,1806.386929,2105262964
0,fixture_example,file,baseline,73937,14,2128.604214,2105262964
0,synthetic_euckr,metadata,candidate,174173,6,4008.5,1536161280
0,synthetic_euckr,metadata,baseline,174173,6,4476.882,1536161280
0,fixture_regression_wizdomiot_7another,metadata,candidate,102167,10,1652.3833,1674022880
0,fixture_regression_wizdomiot_7another,metadata,baseline,102167,10,2064.75,1674022880
0,synthetic_utf8,file,candidate,174205,6,4916.534667,1536162240
0,synthetic_utf8,file,baseline,174205,6,5745.833333,1536162240
0,fixture_regression_ozma_spn,full,candidate,56697,18,1569.1505,2869779744
0,fixture_regression_ozma_spn,full,baseline,56697,18,1917.798611,2869779744
0,synthetic_sjis_auto,full,baseline,174155,6,6146.451333,1536162240
0,synthetic_sjis_auto,full,candidate,174155,6,4824.583333,1536162240
0,fixture_regression_altale_a,metadata,candidate,65894,15,971.2028,2357974890
0,fixture_regression_altale_a,metadata,baseline,65894,15,1214.461133,2357974890
0,game_graph_distant_timeline,metadata,baseline,122,100,18.40167,48000000000000100
0,game_graph_distant_timeline,metadata,candidate,122,100,17.00333,48000000000000100
0,game_graph_short_timeline,full,candidate,78,100,12.49125,400000300
0,game_graph_short_timeline,full,baseline,78,100,12.64417,400000300
0,synthetic_ascii_sparse,file,baseline,2633,100,133.18,25600032000
0,synthetic_ascii_sparse,file,candidate,2633,100,117.00084,25600032000
0,fixture_regression_jack_the_ripper_7normal,file,baseline,84000,12,2534.441,1708996212
0,fixture_regression_jack_the_ripper_7normal,file,candidate,84000,12,1977.541667,1708996212
0,fixture_mode_4k,file,candidate,149,100,25.07833,400000600
0,fixture_mode_4k,file,baseline,149,100,25.70958,400000600
0,synthetic_late_charset,file,candidate,174173,6,5239.986,1536162240
0,synthetic_late_charset,file,baseline,174173,6,6414.847167,1536162240
0,synthetic_ascii_dense,file,baseline,174153,6,6244.902833,1536162240
0,synthetic_ascii_dense,file,candidate,174153,6,6035.680667,1536162240
0,synthetic_late_charset,full,baseline,174173,6,7725.3125,1536162240
0,synthetic_late_charset,full,candidate,174173,6,5118.069333,1536162240
0,fixture_ubmchallenge,metadata,baseline,8441623,3,108154.2223,249083226
0,fixture_ubmchallenge,metadata,candidate,8441623,3,76131.0,249083226
0,game_graph_distant_timeline,file,baseline,122,100,32.94208,48000000000000300
0,game_graph_distant_timeline,file,candidate,122,100,32.39584,48000000000000300
0,synthetic_sjis_auto,metadata,baseline,174155,6,4547.375,1536161280
0,synthetic_sjis_auto,metadata,candidate,174155,6,3745.479167,1536161280
0,synthetic_shiftjis,metadata,baseline,174177,6,4472.506833,1536161280
0,synthetic_shiftjis,metadata,candidate,174177,6,3743.007,1536161280
0,fixture_ubmchallenge,full,candidate,8441623,3,77525.764,249083418
0,fixture_ubmchallenge,full,baseline,8441623,3,110371.1667,249083418
0,fixture_regression_altale_a,full,candidate,65894,15,1391.883333,2357976240
0,fixture_regression_altale_a,full,baseline,65894,15,1658.661133,2357976240
0,synthetic_late_charset,metadata,baseline,174173,6,4363.722167,1536161280
0,synthetic_late_charset,metadata,candidate,174173,6,3776.555667,1536161280
0,synthetic_shiftjis,full,baseline,174177,6,6153.576333,1536162240
0,synthetic_shiftjis,full,candidate,174177,6,5101.875,1536162240
0,synthetic_euckr,full,candidate,174173,6,5168.625,1536162240
0,synthetic_euckr,full,baseline,174173,6,6252.270833,1536162240
0,fixture_mode_6k,metadata,baseline,245,100,11.96458,400000600
0,fixture_mode_6k,metadata,candidate,245,100,11.21375,400000600
0,fixture_mode_6k,file,candidate,245,100,26.40541,400000800
0,fixture_mode_6k,file,baseline,245,100,27.46375,400000800
0,synthetic_utf8,metadata,candidate,174205,6,3721.611,1536161280
0,synthetic_utf8,metadata,baseline,174205,6,4267.5555,1536161280
0,fixture_aleph0_another,full,candidate,85763,12,2573.381917,1664625204
0,fixture_aleph0_another,full,baseline,85763,12,3061.663167,1664625204
0,fixture_mode_4k,metadata,baseline,149,100,10.83375,400000400
0,fixture_mode_4k,metadata,candidate,149,100,10.03333,400000400
0,fixture_example,full,baseline,73937,14,2079.610143,2105262964
0,fixture_example,full,candidate,73937,14,1745.294643,2105262964
0,fixture_ubmchallenge,file,candidate,8441623,3,78781.222,249083418
0,fixture_ubmchallenge,file,baseline,8441623,3,109892.75,249083418
0,fixture_regression_wizdomiot_7another,file,candidate,102167,10,2356.3375,1674024400
0,fixture_regression_wizdomiot_7another,file,baseline,102167,10,2985.3375,1674024400
0,fixture_regression_altale_a,file,candidate,65894,15,1375.355533,2357976240
0,fixture_regression_altale_a,file,baseline,65894,15,1697.980533,2357976240
0,fixture_regression_ozma_spn,file,candidate,56697,18,1683.708333,2869779744
0,fixture_regression_ozma_spn,file,baseline,56697,18,1958.939833,2869779744
0,synthetic_ascii_dense,metadata,baseline,174153,6,4537.389,1536161280
0,synthetic_ascii_dense,metadata,candidate,174153,6,3921.319333,1536161280
0,fixture_regression_jack_the_ripper_7normal,metadata,baseline,84000,12,1722.8715,1708992948
0,fixture_regression_jack_the_ripper_7normal,metadata,candidate,84000,12,1294.989583,1708992948
0,fixture_mode_4k,full,candidate,149,100,11.635,400000600
0,fixture_mode_4k,full,baseline,149,100,12.50542,400000600
0,fixture_regression_wizdomiot_7another,full,candidate,102167,10,2467.4416,1674024400
0,fixture_regression_wizdomiot_7another,full,baseline,102167,10,2965.525,1674024400
0,game_graph_short_timeline,file,candidate,78,100,28.01125,400000300
0,game_graph_short_timeline,file,baseline,78,100,27.21542,400000300
0,fixture_regression_ozma_spn,metadata,baseline,56697,18,1083.615778,2869776126
0,fixture_regression_ozma_spn,metadata,candidate,56697,18,860.8703889,2869776126
0,synthetic_shiftjis,file,baseline,174177,6,5931.486167,1536162240
0,synthetic_shiftjis,file,candidate,174177,6,4910.111167,1536162240
0,fixture_example,metadata,candidate,73937,14,1053.735071,2105261676
0,fixture_example,metadata,baseline,73937,14,1289.053571,2105261676
0,synthetic_ascii_sparse,metadata,candidate,2633,100,81.93583,25600016000
0,synthetic_ascii_sparse,metadata,baseline,2633,100,96.84833,25600016000
0,synthetic_utf8,full,baseline,174205,6,6179.236167,1536162240
0,synthetic_utf8,full,candidate,174205,6,5177.5,1536162240
0,game_graph_short_timeline,metadata,candidate,78,100,11.94958,400000100
0,game_graph_short_timeline,metadata,baseline,78,100,12.21208,400000100
0,game_graph_distant_timeline,full,candidate,122,100,18.55959,48000000000000300
0,game_graph_distant_timeline,full,baseline,122,100,18.72042,48000000000000300
0,synthetic_euckr,file,baseline,174173,6,6190.75,1536162240
0,synthetic_euckr,file,candidate,174173,6,5626.972167,1536162240
0,fixture_aleph0_another,file,baseline,85763,12,3002.3125,1664625204
0,fixture_aleph0_another,file,candidate,85763,12,2599.22575,1664625204
0,fixture_mode_8k,file,candidate,245,100,27.03708,400001000
0,fixture_mode_8k,file,baseline,245,100,28.95208,400001000
0,fixture_mode_6k,full,candidate,245,100,13.22333,400000800
0,fixture_mode_6k,full,baseline,245,100,13.37792,400000800
1,fixture_ubmchallenge,full,baseline,8441623,3,109299.889,249083418
1,fixture_ubmchallenge,full,candidate,8441623,3,78131.486,249083418
1,fixture_regression_jack_the_ripper_7normal,full,candidate,84000,12,1932.027833,1708996212
1,fixture_regression_jack_the_ripper_7normal,full,baseline,84000,12,2638.46875,1708996212
1,fixture_mode_8k,full,candidate,245,100,14.22042,400001000
1,fixture_mode_8k,full,baseline,245,100,14.62625,400001000
1,fixture_aleph0_another,metadata,baseline,85763,12,2223.34375,1664621220
1,fixture_aleph0_another,metadata,candidate,85763,12,1852.09725,1664621220
1,fixture_regression_jack_the_ripper_7normal,file,candidate,84000,12,1946.6285,1708996212
1,fixture_regression_jack_the_ripper_7normal,file,baseline,84000,12,2611.5035,1708996212
1,synthetic_euckr,file,candidate,174173,6,5233.902833,1536162240
1,synthetic_euckr,file,baseline,174173,6,6587.777833,1536162240
1,fixture_regression_jack_the_ripper_7normal,metadata,candidate,84000,12,1256.923583,1708992948
1,fixture_regression_jack_the_ripper_7normal,metadata,baseline,84000,12,1672.239583,1708992948
1,synthetic_utf8,file,baseline,174205,6,5800.3125,1536162240
1,synthetic_utf8,file,candidate,174205,6,5078.770833,1536162240
1,game_acceptance_7k,metadata,baseline,1209,100,53.96708,1416673700
1,game_acceptance_7k,metadata,candidate,1209,100,49.11416,1416673700
1,synthetic_shiftjis,metadata,baseline,174177,6,4361.388833,1536161280
1,synthetic_shiftjis,metadata,candidate,174177,6,3756.020833,1536161280
1,fixture_mode_6k,full,candidate,245,100,12.54041,400000800
1,fixture_mode_6k,full,baseline,245,100,13.42917,400000800
1,synthetic_sjis_auto,file,candidate,174155,6,4896.132,1536162240
1,synthetic_sjis_auto,file,baseline,174155,6,6440.194333,1536162240
1,fixture_example,file,candidate,73937,14,1914.889857,2105262964
1,fixture_example,file,baseline,73937,14,2146.401786,2105262964
1,synthetic_late_charset,file,baseline,174173,6,6009.0485,1536162240
1,synthetic_late_charset,file,candidate,174173,6,5039.208333,1536162240
1,fixture_example,full,candidate,73937,14,1784.169643,2105262964
1,fixture_example,full,baseline,73937,14,2108.395786,2105262964
1,game_graph_distant_timeline,full,candidate,122,100,21.31125,48000000000000300
1,game_graph_distant_timeline,full,baseline,122,100,23.41208,48000000000000300
1,fixture_aleph0_another,file,candidate,85763,12,2757.520833,1664625204
1,fixture_aleph0_another,file,baseline,85763,12,3129.22575,1664625204
1,fixture_mode_8k,metadata,baseline,245,100,13.11292,400000800
1,fixture_mode_8k,metadata,candidate,245,100,13.12458,400000800
1,fixture_regression_altale_a,full,baseline,65894,15,1651.808333,2357976240
1,fixture_regression_altale_a,full,candidate,65894,15,1372.711133,2357976240
1,synthetic_utf8,metadata,baseline,174205,6,4130.132,1536161280
1,synthetic_utf8,metadata,candidate,174205,6,3621.256833,1536161280
1,fixture_regression_ozma_spn,metadata,candidate,56697,18,873.8078333,2869776126
1,fixture_regression_ozma_spn,metadata,baseline,56697,18,1077.7755,2869776126
1,synthetic_ascii_sparse,file,baseline,2633,100,132.46875,25600032000
1,synthetic_ascii_sparse,file,candidate,2633,100,116.63083,25600032000
1,synthetic_late_charset,metadata,candidate,174173,6,3707.611,1536161280
1,synthetic_late_charset,metadata,baseline,174173,6,4371.472167,1536161280
1,game_acceptance_7k,file,baseline,1209,100,74.60458,1416674200
1,game_acceptance_7k,file,candidate,1209,100,77.4325,1416674200
1,fixture_mode_4k,full,baseline,149,100,11.76125,400000600
1,fixture_mode_4k,full,candidate,149,100,11.39916,400000600
1,synthetic_euckr,full,candidate,174173,6,5160.090167,1536162240
1,synthetic_euckr,full,baseline,174173,6,6079.666667,1536162240
1,fixture_mode_6k,file,candidate,245,100,26.30667,400000800
1,fixture_mode_6k,file,baseline,245,100,27.20916,400000800
1,fixture_ubmchallenge,metadata,candidate,8441623,3,76610.361,249083226
1,fixture_ubmchallenge,metadata,baseline,8441623,3,107614.5833,249083226
1,synthetic_sjis_auto,metadata,candidate,174155,6,3657.1735,1536161280
1,synthetic_sjis_auto,metadata,baseline,174155,6,4567.4445,1536161280
1,synthetic_late_charset,full,baseline,174173,6,5956.305667,1536162240
1,synthetic_late_charset,full,candidate,174173,6,4882.791667,1536162240
1,fixture_regression_wizdomiot_7another,metadata,baseline,102167,10,2070.1417,1674022880
1,fixture_regression_wizdomiot_7another,metadata,candidate,102167,10,1654.8333,1674022880
1,fixture_aleph0_another,full,baseline,85763,12,2983.08675,1664625204
1,fixture_aleph0_another,full,candidate,85763,12,2569.434083,1664625204
1,fixture_regression_ozma_spn,full,candidate,56697,18,1617.898111,2869779744
1,fixture_regression_ozma_spn,full,baseline,56697,18,1926.865722,2869779744
1,fixture_ubmchallenge,file,candidate,8441623,3,77779.08333,249083418
1,fixture_ubmchallenge,file,baseline,8441623,3,108871.3333,249083418
1,game_graph_short_timeline,full,baseline,78,100,13.64542,400000300
1,game_graph_short_timeline,full,candidate,78,100,12.61458,400000300
1,game_acceptance_7k,full,candidate,1209,100,53.81541,1416674200
1,game_acceptance_7k,full,baseline,1209,100,58.295,1416674200
1,fixture_regression_wizdomiot_7another,full,candidate,102167,10,2297.4416,1674024400
1,fixture_regression_wizdomiot_7another,full,baseline,102167,10,2791.9458,1674024400
1,game_graph_distant_timeline,file,candidate,122,100,32.24,48000000000000300
1,game_graph_distant_timeline,file,baseline,122,100,32.30125,48000000000000300
1,game_graph_short_timeline,metadata,candidate,78,100,12.05125,400000100
1,game_graph_short_timeline,metadata,baseline,78,100,12.42,400000100
1,fixture_mode_4k,metadata,candidate,149,100,10.01,400000400
1,fixture_mode_4k,metadata,baseline,149,100,10.76959,400000400
1,synthetic_shiftjis,full,candidate,174177,6,4850.777833,1536162240
1,synthetic_shiftjis,full,baseline,174177,6,5869.895833,1536162240
1,synthetic_shiftjis,file,candidate,174177,6,4848.256833,1536162240
1,synthetic_shiftjis,file,baseline,174177,6,5999.972167,1536162240
1,synthetic_ascii_sparse,full,baseline,2633,100,116.74,25600032000
1,synthetic_ascii_sparse,full,candidate,2633,100,102.08041,25600032000
1,fixture_regression_altale_a,metadata,baseline,65894,15,1207.15,2357974890
1,fixture_regression_altale_a,metadata,candidate,65894,15,967.425,2357974890
1,synthetic_utf8,full,candidate,174205,6,4801.597333,1536162240
1,synthetic_utf8,full,baseline,174205,6,5728.618,1536162240
1,fixture_mode_4k,file,baseline,149,100,25.77708,400000600
1,fixture_mode_4k,file,candidate,149,100,24.50875,400000600
1,synthetic_sjis_auto,full,candidate,174155,6,4833.0625,1536162240
1,synthetic_sjis_auto,full,baseline,174155,6,6265.632,1536162240
1,synthetic_ascii_sparse,metadata,candidate,2633,100,84.39917,25600016000
1,synthetic_ascii_sparse,metadata,baseline,2633,100,97.92708,25600016000
1,fixture_regression_altale_a,file,candidate,65894,15,1430.9,2357976240
1,fixture_regression_altale_a,file,baseline,65894,15,1715.188933,2357976240
1,fixture_mode_6k,metadata,baseline,245,100,11.90125,400000600
1,fixture_mode_6k,metadata,candidate,245,100,11.14708,400000600
1,fixture_example,metadata,candidate,73937,14,1056.657714,2105261676
1,fixture_example,metadata,baseline,73937,14,1293.25,2105261676
1,fixture_mode_8k,file,baseline,245,100,29.155,400001000
1,fixture_mode_8k,file,candidate,245,100,28.16333,400001000
1,game_graph_distant_timeline,metadata,candidate,122,100,18.77625,48000000000000100
1,game_graph_distant_timeline,metadata,baseline,122,100,19.53667,48000000000000100
1,fixture_regression_ozma_spn,file,candidate,56697,18,1733.782389,2869779744
1,fixture_regression_ozma_spn,file,baseline,56697,18,1962.064833,2869779744
1,game_graph_short_timeline,file,candidate,78,100,27.61333,400000300
1,game_graph_short_timeline,file,baseline,78,100,29.57166,400000300
1,synthetic_euckr,metadata,baseline,174173,6,4707.986,1536161280
1,synthetic_euckr,metadata,candidate,174173,6,4156.6735,1536161280
1,synthetic_ascii_dense,metadata,candidate,174153,6,3746.097333,1536161280
1,synthetic_ascii_dense,metadata,baseline,174153,6,4355.902833,1536161280
1,synthetic_ascii_dense,file,baseline,174153,6,6166.111,1536162240
1,synthetic_ascii_dense,file,candidate,174153,6,5042.8125,1536162240
1,fixture_regression_wizdomiot_7another,file,baseline,102167,10,2945.4875,1674024400
1,fixture_regression_wizdomiot_7another,file,candidate,102167,10,2426.1292,1674024400
1,synthetic_ascii_dense,full,baseline,174153,6,6065.583333,1536162240
1,synthetic_ascii_dense,full,candidate,174153,6,5016.458333,1536162240
2,game_acceptance_7k,file,candidate,1209,100,70.8475,1416674200
2,game_acceptance_7k,file,baseline,1209,100,77.47,1416674200
2,fixture_aleph0_another,full,baseline,85763,12,3080.333333,1664625204
2,fixture_aleph0_another,full,candidate,85763,12,2653.625,1664625204
2,synthetic_ascii_dense,metadata,candidate,174153,6,3781.576333,1536161280
2,synthetic_ascii_dense,metadata,baseline,174153,6,4383.854167,1536161280
2,game_graph_distant_timeline,metadata,candidate,122,100,17.52916,48000000000000100
2,game_graph_distant_timeline,metadata,baseline,122,100,18.82417,48000000000000100
2,game_graph_distant_timeline,full,baseline,122,100,19.50792,48000000000000300
2,game_graph_distant_timeline,full,candidate,122,100,19.18417,48000000000000300
2,fixture_example,file,baseline,73937,14,2130.758929,2105262964
2,fixture_example,file,candidate,73937,14,1778.142857,2105262964
2,fixture_mode_4k,full,candidate,149,100,11.13833,400000600
2,fixture_mode_4k,full,baseline,149,100,11.83958,400000600
2,game_graph_short_timeline,metadata,baseline,78,100,12.14417,400000100
2,game_graph_short_timeline,metadata,candidate,78,100,12.08042,400000100
2,fixture_aleph0_another,file,candidate,85763,12,2672.65625,1664625204
2,fixture_aleph0_another,file,baseline,85763,12,3085.329833,1664625204
2,synthetic_ascii_sparse,full,candidate,2633,100,101.83459,25600032000
2,synthetic_ascii_sparse,full,baseline,2633,100,116.61917,25600032000
2,fixture_mode_6k,metadata,candidate,245,100,11.755,400000600
2,fixture_mode_6k,metadata,baseline,245,100,12.33542,400000600
2,fixture_regression_wizdomiot_7another,file,baseline,102167,10,2956.3375,1674024400
2,fixture_regression_wizdomiot_7another,file,candidate,102167,10,2329.775,1674024400
2,synthetic_shiftjis,file,candidate,174177,6,5149.993167,1536162240
2,synthetic_shiftjis,file,baseline,174177,6,5932.1875,1536162240
2,synthetic_late_charset,file,baseline,174173,6,6222.9375,1536162240
2,synthetic_late_charset,file,candidate,174173,6,4926.048667,1536162240
2,fixture_regression_altale_a,metadata,baseline,65894,15,1264.769467,2357974890
2,fixture_regression_altale_a,metadata,candidate,65894,15,971.9138667,2357974890
2,fixture_regression_jack_the_ripper_7normal,full,baseline,84000,12,2631.364583,1708996212
2,fixture_regression_jack_the_ripper_7normal,full,candidate,84000,12,2025.555583,1708996212
2,fixture_mode_4k,file,candidate,149,100,24.84625,400000600
2,fixture_mode_4k,file,baseline,149,100,25.49,400000600
2,synthetic_ascii_dense,file,baseline,174153,6,6015.506833,1536162240
2,synthetic_ascii_dense,file,candidate,174153,6,4903.020833,1536162240
2,fixture_regression_wizdomiot_7another,full,candidate,102167,10,2323.5583,1674024400
2,fixture_regression_wizdomiot_7another,full,baseline,102167,10,2886.4459,1674024400
2,fixture_regression_wizdomiot_7another,metadata,baseline,102167,10,2036.175,1674022880
2,fixture_regression_wizdomiot_7another,metadata,candidate,102167,10,1687.2209,1674022880
2,synthetic_ascii_dense,full,baseline,174153,6,5930.395833,1536162240
2,synthetic_ascii_dense,full,candidate,174153,6,4792.3125,1536162240
2,synthetic_sjis_auto,full,baseline,174155,6,6350.0695,1536162240
2,synthetic_sjis_auto,full,candidate,174155,6,4827.3055,1536162240
2,fixture_ubmchallenge,file,baseline,8441623,3,113395.0417,249083418
2,fixture_ubmchallenge,file,candidate,8441623,3,79520.27767,249083418
2,fixture_regression_altale_a,file,baseline,65894,15,1670.0194,2357976240
2,fixture_regression_altale_a,file,candidate,65894,15,1371.438867,2357976240
2,game_graph_short_timeline,file,baseline,78,100,26.75666,400000300
2,game_graph_short_timeline,file,candidate,78,100,27.32875,400000300
2,synthetic_shiftjis,full,baseline,174177,6,5980.0625,1536162240
2,synthetic_shiftjis,full,candidate,174177,6,4967.479167,1536162240
2,fixture_mode_6k,full,candidate,245,100,12.48292,400000800
2,fixture_mode_6k,full,baseline,245,100,13.92125,400000800
2,fixture_ubmchallenge,full,candidate,8441623,3,78089.15267,249083418
2,fixture_ubmchallenge,full,baseline,8441623,3,107980.639,249083418
2,synthetic_euckr,metadata,baseline,174173,6,4522.041667,1536161280
2,synthetic_euckr,metadata,candidate,174173,6,3982.236167,1536161280
2,synthetic_shiftjis,metadata,baseline,174177,6,4304.257,1536161280
2,synthetic_shiftjis,metadata,candidate,174177,6,3648.472167,1536161280
2,fixture_mode_8k,full,baseline,245,100,14.23458,400001000
2,fixture_mode_8k,full,candidate,245,100,13.31959,400001000
2,game_acceptance_7k,full,candidate,1209,100,54.41291,1416674200
2,game_acceptance_7k,full,baseline,1209,100,59.72459,1416674200
2,synthetic_late_charset,full,candidate,174173,6,4830.090333,1536162240
2,synthetic_late_charset,full,baseline,174173,6,6063.583333,1536162240
2,fixture_regression_altale_a,full,baseline,65894,15,1614.213933,2357976240
2,fixture_regression_altale_a,full,candidate,65894,15,1341.6278,2357976240
2,game_graph_short_timeline,full,candidate,78,100,12.39167,400000300
2,game_graph_short_timeline,full,baseline,78,100,12.67167,400000300
2,synthetic_late_charset,metadata,baseline,174173,6,4383.354167,1536161280
2,synthetic_late_charset,metadata,candidate,174173,6,3642.8125,1536161280
2,fixture_regression_ozma_spn,full,candidate,56697,18,1568.75,2869779744
2,fixture_regression_ozma_spn,full,baseline,56697,18,1871.331,2869779744
2,synthetic_euckr,full,baseline,174173,6,6063.701333,1536162240
2,synthetic_euckr,full,candidate,174173,6,5177.777667,1536162240
2,fixture_mode_6k,file,candidate,245,100,26.40959,400000800
2,fixture_mode_6k,file,baseline,245,100,27.27458,400000800
2,fixture_regression_jack_the_ripper_7normal,file,baseline,84000,12,2550.197917,1708996212
2,fixture_regression_jack_the_ripper_7normal,file,candidate,84000,12,1948.66325,1708996212
2,fixture_regression_ozma_spn,file,baseline,56697,18,1919.701389,2869779744
2,fixture_regression_ozma_spn,file,candidate,56697,18,1601.9005,2869779744
2,fixture_example,full,candidate,73937,14,1804.747071,2105262964
2,fixture_example,full,baseline,73937,14,2070.875,2105262964
2,synthetic_utf8,full,baseline,174205,6,5705.5,1536162240
2,synthetic_utf8,full,candidate,174205,6,4790.5555,1536162240
2,synthetic_utf8,file,candidate,174205,6,4835.243,1536162240
2,synthetic_utf8,file,baseline,174205,6,5792.340333,1536162240
2,fixture_example,metadata,baseline,73937,14,1334.889929,2105261676
2,fixture_example,metadata,candidate,73937,14,1080.485071,2105261676
2,fixture_mode_8k,file,baseline,245,100,28.10417,400001000
2,fixture_mode_8k,file,candidate,245,100,27.24708,400001000
2,game_graph_distant_timeline,file,candidate,122,100,32.50167,48000000000000300
2,game_graph_distant_timeline,file,baseline,122,100,33.88709,48000000000000300
2,fixture_regression_ozma_spn,metadata,candidate,56697,18,865.6458333,2869776126
2,fixture_regression_ozma_spn,metadata,baseline,56697,18,1078.391222,2869776126
2,fixture_regression_jack_the_ripper_7normal,metadata,candidate,84000,12,1227.395833,1708992948
2,fixture_regression_jack_the_ripper_7normal,metadata,baseline,84000,12,1719.194417,1708992948
2,synthetic_utf8,metadata,baseline,174205,6,4257.548667,1536161280
2,synthetic_utf8,metadata,candidate,174205,6,3743.9235,1536161280
2,synthetic_ascii_sparse,metadata,candidate,2633,100,81.90458,25600016000
2,synthetic_ascii_sparse,metadata,baseline,2633,100,94.37042,25600016000
2,synthetic_sjis_auto,metadata,candidate,174155,6,3691.395833,1536161280
2,synthetic_sjis_auto,metadata,baseline,174155,6,4761.5485,1536161280
2,fixture_ubmchallenge,metadata,baseline,8441623,3,106752.5,249083226
2,fixture_ubmchallenge,metadata,candidate,8441623,3,77033.77767,249083226
2,game_acceptance_7k,metadata,candidate,1209,100,47.59791,1416673700
2,game_acceptance_7k,metadata,baseline,1209,100,53.91792,1416673700
2,fixture_aleph0_another,metadata,candidate,85763,12,1843.09375,1664621220
2,fixture_aleph0_another,metadata,baseline,85763,12,2194.472167,1664621220
2,fixture_mode_8k,metadata,candidate,245,100,11.74375,400000800
2,fixture_mode_8k,metadata,baseline,245,100,12.45666,400000800
2,synthetic_euckr,file,candidate,174173,6,5214.389,1536162240
2,synthetic_euckr,file,baseline,174173,6,6140.6875,1536162240
2,fixture_mode_4k,metadata,baseline,149,100,10.76125,400000400
2,fixture_mode_4k,metadata,candidate,149,100,10.00583,400000400
2,synthetic_sjis_auto,file,candidate,174155,6,4873.375,1536162240
2,synthetic_sjis_auto,file,baseline,174155,6,6178.166667,1536162240
2,synthetic_ascii_sparse,file,baseline,2633,100,133.93208,25600032000
2,synthetic_ascii_sparse,file,candidate,2633,100,116.61,25600032000
3,game_acceptance_7k,full,baseline,1209,100,59.51833,1416674200
3,game_acceptance_7k,full,candidate,1209,100,54.21542,1416674200
3,synthetic_utf8,metadata,baseline,174205,6,4106.159667,1536161280
3,synthetic_utf8,metadata,candidate,174205,6,3607.729167,1536161280
3,fixture_mode_4k,full,candidate,149,100,11.37,400000600
3,fixture_mode_4k,full,baseline,149,100,11.78166,400000600
3,fixture_regression_altale_a,full,baseline,65894,15,1610.330533,2357976240
3,fixture_regression_altale_a,full,candidate,65894,15,1332.333333,2357976240
3,synthetic_utf8,file,baseline,174205,6,5762.847333,1536162240
3,synthetic_utf8,file,candidate,174205,6,4854.5,1536162240
3,synthetic_shiftjis,metadata,baseline,174177,6,4383.611,1536161280
3,synthetic_shiftjis,metadata,candidate,174177,6,3637.0625,1536161280
3,fixture_mode_6k,full,baseline,245,100,13.60625,400000800
3,fixture_mode_6k,full,candidate,245,100,12.65583,400000800
3,synthetic_utf8,full,candidate,174205,6,4785.173667,1536162240
3,synthetic_utf8,full,baseline,174205,6,5698.652833,1536162240
3,fixture_regression_altale_a,file,baseline,65894,15,1730.6556,2357976240
3,fixture_regression_altale_a,file,candidate,65894,15,1462.425,2357976240
3,fixture_example,metadata,baseline,73937,14,1303.6875,2105261676
3,fixture_example,metadata,candidate,73937,14,1048.461286,2105261676
3,fixture_regression_ozma_spn,full,baseline,56697,18,1881.578667,2869779744
3,fixture_regression_ozma_spn,full,candidate,56697,18,1564.902778,2869779744
3,fixture_mode_6k,file,candidate,245,100,26.27459,400000800
3,fixture_mode_6k,file,baseline,245,100,27.34625,400000800
3,synthetic_late_charset,full,baseline,174173,6,5970.083333,1536162240
3,synthetic_late_charset,full,candidate,174173,6,4838.5555,1536162240
3,fixture_regression_wizdomiot_7another,file,baseline,102167,10,2841.9959,1674024400
3,fixture_regression_wizdomiot_7another,file,candidate,102167,10,2346.4459,1674024400
3,synthetic_ascii_sparse,full,candidate,2633,100,102.30542,25600032000
3,synthetic_ascii_sparse,full,baseline,2633,100,116.6625,25600032000
3,game_graph_distant_timeline,metadata,candidate,122,100,17.92583,48000000000000100
3,game_graph_distant_timeline,metadata,baseline,122,100,18.29375,48000000000000100
3,synthetic_shiftjis,full,candidate,174177,6,4812.139,1536162240
3,synthetic_shiftjis,full,baseline,174177,6,5877.5555,1536162240
3,fixture_mode_4k,metadata,baseline,149,100,10.655,400000400
3,fixture_mode_4k,metadata,candidate,149,100,10.04458,400000400
3,synthetic_sjis_auto,metadata,baseline,174155,6,4653.25,1536161280
3,synthetic_sjis_auto,metadata,candidate,174155,6,3672.027667,1536161280
3,fixture_example,full,candidate,73937,14,1734.214286,2105262964
3,fixture_example,full,baseline,73937,14,2067.9375,2105262964
3,fixture_mode_8k,full,candidate,245,100,13.28625,400001000
3,fixture_mode_8k,full,baseline,245,100,14.10416,400001000
3,synthetic_euckr,file,candidate,174173,6,5195.416667,1536162240
3,synthetic_euckr,file,baseline,174173,6,6126.493,1536162240
3,fixture_aleph0_another,metadata,baseline,85763,12,2331.579917,1664621220
3,fixture_aleph0_another,metadata,candidate,85763,12,1976.118083,1664621220
3,fixture_regression_wizdomiot_7another,metadata,baseline,102167,10,2145.3208,1674022880
3,fixture_regression_wizdomiot_7another,metadata,candidate,102167,10,1800.8584,1674022880
3,fixture_mode_6k,metadata,candidate,245,100,11.29708,400000600
3,fixture_mode_6k,metadata,baseline,245,100,12.32625,400000600
3,fixture_regression_ozma_spn,metadata,baseline,56697,18,1143.307833,2869776126
3,fixture_regression_ozma_spn,metadata,candidate,56697,18,896.4166667,2869776126
3,fixture_aleph0_another,file,baseline,85763,12,3682.58675,1664625204
3,fixture_aleph0_another,file,candidate,85763,12,3708.267333,1664625204
3,synthetic_euckr,full,baseline,174173,6,6721.1805,1536162240
3,synthetic_euckr,full,candidate,174173,6,5834.625,1536162240
3,synthetic_ascii_sparse,file,candidate,2633,100,131.685,25600032000
3,synthetic_ascii_sparse,file,baseline,2633,100,136.71416,25600032000
3,synthetic_ascii_dense,file,baseline,174153,6,5904.3195,1536162240
3,synthetic_ascii_dense,file,candidate,174153,6,4861.618,1536162240
3,fixture_regression_jack_the_ripper_7normal,metadata,candidate,84000,12,1228.22225,1708992948
3,fixture_regression_jack_the_ripper_7normal,metadata,baseline,84000,12,1684.142333,1708992948
3,synthetic_sjis_auto,full,baseline,174155,6,6172.395833,1536162240
3,synthetic_sjis_auto,full,candidate,174155,6,4833.9305,1536162240
3,fixture_regression_jack_the_ripper_7normal,file,candidate,84000,12,1952.538167,1708996212
3,fixture_regression_jack_the_ripper_7normal,file,baseline,84000,12,2540.888917,1708996212
3,game_graph_distant_timeline,file,baseline,122,100,32.88542,48000000000000300
3,game_graph_distant_timeline,file,candidate,122,100,32.33208,48000000000000300
3,synthetic_ascii_sparse,metadata,candidate,2633,100,82.02333,25600016000
3,synthetic_ascii_sparse,metadata,baseline,2633,100,94.87458,25600016000
3,game_acceptance_7k,metadata,candidate,1209,100,49.48791,1416673700
3,game_acceptance_7k,metadata,baseline,1209,100,53.85042,1416673700
3,game_acceptance_7k,file,candidate,1209,100,68.48166,1416674200
3,game_acceptance_7k,file,baseline,1209,100,74.25791,1416674200
3,fixture_ubmchallenge,full,candidate,8441623,3,77784.625,249083418
3,fixture_ubmchallenge,full,baseline,8441623,3,110791.4167,249083418
3,synthetic_late_charset,metadata,candidate,174173,6,3652.041667,1536161280
3,synthetic_late_charset,metadata,baseline,174173,6,4381.743,1536161280
3,game_graph_short_timeline,metadata,candidate,78,100,12.03542,400000100
3,game_graph_short_timeline,metadata,baseline,78,100,12.13083,400000100
3,synthetic_late_charset,file,baseline,174173,6,6231.715167,1536162240
3,synthetic_late_charset,file,candidate,174173,6,4892.6945,1536162240
3,fixture_regression_jack_the_ripper_7normal,full,baseline,84000,12,2582.802083,1708996212
3,fixture_regression_jack_the_ripper_7normal,full,candidate,84000,12,1928.017333,1708996212
3,synthetic_ascii_dense,full,candidate,174153,6,5035.173667,1536162240
3,synthetic_ascii_dense,full,baseline,174153,6,5837.909667,1536162240
3,game_graph_short_timeline,full,baseline,78,100,13.10917,400000300
3,game_graph_short_timeline,full,candidate,78,100,12.47083,400000300
3,synthetic_euckr,metadata,candidate,174173,6,4107.743,1536161280
3,synthetic_euckr,metadata,baseline,174173,6,4481.3195,1536161280
3,fixture_ubmchallenge,file,baseline,8441623,3,110798.7777,249083418
3,fixture_ubmchallenge,file,candidate,8441623,3,78830.375,249083418
3,game_graph_distant_timeline,full,candidate,122,100,17.5725,48000000000000300
3,game_graph_distant_timeline,full,baseline,122,100,18.83667,48000000000000300
3,fixture_example,file,candidate,73937,14,1787.657714,2105262964
3,fixture_example,file,baseline,73937,14,2141.773786,2105262964
3,fixture_mode_8k,metadata,candidate,245,100,11.97542,400000800
3,fixture_mode_8k,metadata,baseline,245,100,12.60791,400000800
3,fixture_ubmchallenge,metadata,baseline,8441623,3,109436.389,249083226
3,fixture_ubmchallenge,metadata,candidate,8441623,3,76194.06933,249083226
3,fixture_mode_4k,file,baseline,149,100,25.54959,400000600
3,fixture_mode_4k,file,candidate,149,100,24.85958,400000600
3,synthetic_sjis_auto,file,baseline,174155,6,6228.597167,1536162240
3,synthetic_sjis_auto,file,candidate,174155,6,4869.645833,1536162240
3,fixture_mode_8k,file,candidate,245,100,26.95083,400001000
3,fixture_mode_8k,file,baseline,245,100,28.10208,400001000
3,fixture_regression_altale_a,metadata,candidate,65894,15,970.9639333,2357974890
3,fixture_regression_altale_a,metadata,baseline,65894,15,1205.586133,2357974890
3,fixture_regression_ozma_spn,file,candidate,56697,18,1713.064778,2869779744
3,fixture_regression_ozma_spn,file,baseline,56697,18,1931.083333,2869779744
3,synthetic_ascii_dense,metadata,candidate,174153,6,3679.840167,1536161280
3,synthetic_ascii_dense,metadata,baseline,174153,6,4252.611167,1536161280
3,fixture_regression_wizdomiot_7another,full,baseline,102167,10,2787.4542,1674024400
3,fixture_regression_wizdomiot_7another,full,candidate,102167,10,2311.3958,1674024400
3,game_graph_short_timeline,file,candidate,78,100,26.57875,400000300
3,game_graph_short_timeline,file,baseline,78,100,27.03959,400000300
3,synthetic_shiftjis,file,baseline,174177,6,5936.132,1536162240
3,synthetic_shiftjis,file,candidate,174177,6,4859.840333,1536162240
3,fixture_aleph0_another,full,baseline,85763,12,2972.5625,1664625204
3,fixture_aleph0_another,full,candidate,85763,12,2566.125,1664625204
4,synthetic_late_charset,metadata,baseline,174173,6,4416.118,1536161280
4,synthetic_late_charset,metadata,candidate,174173,6,3641.826333,1536161280
4,game_graph_distant_timeline,metadata,candidate,122,100,18.05708,48000000000000100
4,game_graph_distant_timeline,metadata,baseline,122,100,18.29292,48000000000000100
4,synthetic_euckr,full,candidate,174173,6,5166.381833,1536162240
4,synthetic_euckr,full,baseline,174173,6,6096.277833,1536162240
4,synthetic_sjis_auto,file,baseline,174155,6,6171.889,1536162240
4,synthetic_sjis_auto,file,candidate,174155,6,4880.6735,1536162240
4,fixture_aleph0_another,full,baseline,85763,12,3077.479167,1664625204
4,fixture_aleph0_another,full,candidate,85763,12,2646.170167,1664625204
4,synthetic_utf8,full,baseline,174205,6,5713.0555,1536162240
4,synthetic_utf8,full,candidate,174205,6,4786.118167,1536162240
4,fixture_regression_altale_a,file,candidate,65894,15,1371.141667,2357976240
4,fixture_regression_altale_a,file,baseline,65894,15,1653.366667,2357976240
4,synthetic_ascii_dense,metadata,baseline,174153,6,4228.722167,1536161280
4,synthetic_ascii_dense,metadata,candidate,174153,6,3635.416667,1536161280
4,fixture_ubmchallenge,full,candidate,8441623,3,75909.153,249083418
4,fixture_ubmchallenge,full,baseline,8441623,3,107416.5557,249083418
4,synthetic_euckr,file,candidate,174173,6,5264.7015,1536162240
4,synthetic_euckr,file,baseline,174173,6,6123.319333,1536162240
4,fixture_mode_4k,metadata,candidate,149,100,10.04917,400000400
4,fixture_mode_4k,metadata,baseline,149,100,10.60708,400000400
4,synthetic_utf8,metadata,baseline,174205,6,4122.645833,1536161280
4,synthetic_utf8,metadata,candidate,174205,6,3608.256833,1536161280
4,fixture_regression_wizdomiot_7another,metadata,baseline,102167,10,2036.6666,1674022880
4,fixture_regression_wizdomiot_7another,metadata,candidate,102167,10,1652.5125,1674022880
4,fixture_mode_6k,metadata,candidate,245,100,11.19542,400000600
4,fixture_mode_6k,metadata,baseline,245,100,11.94792,400000600
4,synthetic_ascii_sparse,metadata,candidate,2633,100,81.665,25600016000
4,synthetic_ascii_sparse,metadata,baseline,2633,100,95.02833,25600016000
4,fixture_example,full,baseline,73937,14,2064.470286,2105262964
4,fixture_example,full,candidate,73937,14,1747.4405,2105262964
4,fixture_regression_altale_a,full,candidate,65894,15,1352.069467,2357976240
4,fixture_regression_altale_a,full,baseline,65894,15,1609.938867,2357976240
4,fixture_regression_jack_the_ripper_7normal,full,baseline,84000,12,2538.767333,1708996212
4,fixture_regression_jack_the_ripper_7normal,full,candidate,84000,12,1922.493083,1708996212
4,synthetic_sjis_auto,full,candidate,174155,6,4940.083333,1536162240
4,synthetic_sjis_auto,full,baseline,174155,6,6140.152833,1536162240
4,fixture_ubmchallenge,metadata,baseline,8441623,3,107104.2917,249083226
4,fixture_ubmchallenge,metadata,candidate,8441623,3,77758.84733,249083226
4,synthetic_shiftjis,file,baseline,174177,6,5936.298667,1536162240
4,synthetic_shiftjis,file,candidate,174177,6,4853.736167,1536162240
4,game_graph_short_timeline,file,baseline,78,100,27.92959,400000300
4,game_graph_short_timeline,file,candidate,78,100,26.22417,400000300
4,fixture_aleph0_another,metadata,candidate,85763,12,1849.25,1664621220
4,fixture_aleph0_another,metadata,baseline,85763,12,2216.895833,1664621220
4,game_acceptance_7k,file,baseline,1209,100,73.91875,1416674200
4,game_acceptance_7k,file,candidate,1209,100,68.55667,1416674200
4,fixture_regression_altale_a,metadata,candidate,65894,15,966.4111333,2357974890
4,fixture_regression_altale_a,metadata,baseline,65894,15,1223.130533,2357974890
4,synthetic_late_charset,file,candidate,174173,6,4876.0485,1536162240
4,synthetic_late_charset,file,baseline,174173,6,5999.9445,1536162240
4,fixture_regression_wizdomiot_7another,file,baseline,102167,10,2850.5541,1674024400
4,fixture_regression_wizdomiot_7another,file,candidate,102167,10,2333.175,1674024400
4,fixture_regression_jack_the_ripper_7normal,metadata,baseline,84000,12,1683.048667,1708992948
4,fixture_regression_jack_the_ripper_7normal,metadata,candidate,84000,12,1232.15275,1708992948
4,fixture_mode_8k,metadata,candidate,245,100,11.59791,400000800
4,fixture_mode_8k,metadata,baseline,245,100,12.46583,400000800
4,fixture_regression_ozma_spn,full,candidate,56697,18,1569.8935,2869779744
4,fixture_regression_ozma_spn,full,baseline,56697,18,1926.141167,2869779744
4,fixture_mode_4k,file,baseline,149,100,26.48125,400000600
4,fixture_mode_4k,file,candidate,149,100,25.62375,400000600
4,game_acceptance_7k,full,candidate,1209,100,52.30708,1416674200
4,game_acceptance_7k,full,baseline,1209,100,59.45541,1416674200
4,fixture_regression_ozma_spn,metadata,baseline,56697,18,1073.803222,2869776126
4,fixture_regression_ozma_spn,metadata,candidate,56697,18,858.0787222,2869776126
4,fixture_example,metadata,candidate,73937,14,1055.101214,2105261676
4,fixture_example,metadata,baseline,73937,14,1408.401786,2105261676
4,fixture_ubmchallenge,file,baseline,8441623,3,112495.403,249083418
4,fixture_ubmchallenge,file,candidate,8441623,3,78213.02767,249083418
4,game_graph_short_timeline,full,baseline,78,100,12.70583,400000300
4,game_graph_short_timeline,full,candidate,78,100,12.50334,400000300
4,synthetic_ascii_sparse,full,candidate,2633,100,101.96625,25600032000
4,synthetic_ascii_sparse,full,baseline,2633,100,117.04416,25600032000
4,fixture_example,file,baseline,73937,14,2103.517857,2105262964
4,fixture_example,file,candidate,73937,14,1853.821429,2105262964
4,synthetic_sjis_auto,metadata,baseline,174155,6,4860.472167,1536161280
4,synthetic_sjis_auto,metadata,candidate,174155,6,3756.076333,1536161280
4,synthetic_utf8,file,candidate,174205,6,5142.3055,1536162240
4,synthetic_utf8,file,baseline,174205,6,6083.979167,1536162240
4,game_acceptance_7k,metadata,candidate,1209,100,50.79125,1416673700
4,game_acceptance_7k,metadata,baseline,1209,100,55.44417,1416673700
4,synthetic_euckr,metadata,baseline,174173,6,4732.8055,1536161280
4,synthetic_euckr,metadata,candidate,174173,6,4180.451333,1536161280
4,fixture_mode_6k,file,baseline,245,100,28.83667,400000800
4,fixture_mode_6k,file,candidate,245,100,27.71292,400000800
4,fixture_regression_wizdomiot_7another,full,candidate,102167,10,2396.9542,1674024400
4,fixture_regression_wizdomiot_7another,full,baseline,102167,10,2878.1875,1674024400
4,game_graph_distant_timeline,full,candidate,122,100,20.315,48000000000000300
4,game_graph_distant_timeline,full,baseline,122,100,19.47125,48000000000000300
4,synthetic_ascii_dense,file,candidate,174153,6,5087.3125,1536162240
4,synthetic_ascii_dense,file,baseline,174153,6,6116.139,1536162240
4,synthetic_late_charset,full,baseline,174173,6,6182.729167,1536162240
4,synthetic_late_charset,full,candidate,174173,6,4972.979167,1536162240
4,synthetic_shiftjis,metadata,baseline,174177,6,4425.583333,1536161280
4,synthetic_shiftjis,metadata,candidate,174177,6,3841.854167,1536161280
4,synthetic_ascii_sparse,file,baseline,2633,100,136.53208,25600032000
4,synthetic_ascii_sparse,file,candidate,2633,100,120.9325,25600032000
4,synthetic_ascii_dense,full,baseline,174153,6,6079.895833,1536162240
4,synthetic_ascii_dense,full,candidate,174153,6,4877.958333,1536162240
4,fixture_regression_ozma_spn,file,candidate,56697,18,1593.120389,2869779744
4,fixture_regression_ozma_spn,file,baseline,56697,18,1901.983833,2869779744
4,fixture_mode_8k,full,candidate,245,100,14.16292,400001000
4,fixture_mode_8k,full,baseline,245,100,14.665,400001000
4,fixture_mode_4k,full,candidate,149,100,11.27333,400000600
4,fixture_mode_4k,full,baseline,149,100,11.98875,400000600
4,synthetic_shiftjis,full,baseline,174177,6,6114.993,1536162240
4,synthetic_shiftjis,full,candidate,174177,6,4830.625,1536162240
4,fixture_mode_6k,full,baseline,245,100,13.69125,400000800
4,fixture_mode_6k,full,candidate,245,100,12.81583,400000800
4,game_graph_short_timeline,metadata,baseline,78,100,12.18417,400000100
4,game_graph_short_timeline,metadata,candidate,78,100,12.11584,400000100
4,fixture_aleph0_another,file,candidate,85763,12,2594.517333,1664625204
4,fixture_aleph0_another,file,baseline,85763,12,3090.385417,1664625204
4,game_graph_distant_timeline,file,baseline,122,100,32.30166,48000000000000300
4,game_graph_distant_timeline,file,candidate,122,100,32.32125,48000000000000300
4,fixture_regression_jack_the_ripper_7normal,file,baseline,84000,12,2558.079833,1708996212
4,fixture_regression_jack_the_ripper_7normal,file,candidate,84000,12,2047.03125,1708996212
4,fixture_mode_8k,file,baseline,245,100,28.80125,400001000
4,fixture_mode_8k,file,candidate,245,100,26.97042,400001000
5,fixture_aleph0_another,metadata,candidate,85763,12,1843.253417,1664621220
5,fixture_aleph0_another,metadata,baseline,85763,12,2268.166667,1664621220
5,fixture_regression_altale_a,metadata,candidate,65894,15,1004.283333,2357974890
5,fixture_regression_altale_a,metadata,baseline,65894,15,1221.211133,2357974890
5,synthetic_ascii_dense,metadata,baseline,174153,6,4270.416667,1536161280
5,synthetic_ascii_dense,metadata,candidate,174153,6,3736.534667,1536161280
5,game_graph_short_timeline,metadata,candidate,78,100,12.35709,400000100
5,game_graph_short_timeline,metadata,baseline,78,100,12.34708,400000100
5,fixture_regression_ozma_spn,file,baseline,56697,18,2017.729167,2869779744
5,fixture_regression_ozma_spn,file,candidate,56697,18,1651.365722,2869779744
5,game_graph_distant_timeline,file,candidate,122,100,31.38458,48000000000000300
5,game_graph_distant_timeline,file,baseline,122,100,32.16375,48000000000000300
5,fixture_example,metadata,candidate,73937,14,1053.544643,2105261676
5,fixture_example,metadata,baseline,73937,14,1300.744071,2105261676
5,synthetic_euckr,full,candidate,174173,6,5299.3195,1536162240
5,synthetic_euckr,full,baseline,174173,6,6065.597167,1536162240
5,synthetic_ascii_sparse,metadata,candidate,2633,100,81.65125,25600016000
5,synthetic_ascii_sparse,metadata,baseline,2633,100,98.44833,25600016000
5,synthetic_late_charset,metadata,baseline,174173,6,4470.652667,1536161280
5,synthetic_late_charset,metadata,candidate,174173,6,3719.833333,1536161280
5,game_acceptance_7k,file,baseline,1209,100,75.40709,1416674200
5,game_acceptance_7k,file,candidate,1209,100,70.90584,1416674200
5,synthetic_sjis_auto,file,baseline,174155,6,6187.305667,1536162240
5,synthetic_sjis_auto,file,candidate,174155,6,4881.458333,1536162240
5,synthetic_ascii_dense,full,baseline,174153,6,6021.4375,1536162240
5,synthetic_ascii_dense,full,candidate,174153,6,4822.0555,1536162240
5,fixture_mode_4k,file,baseline,149,100,26.35042,400000600
5,fixture_mode_4k,file,candidate,149,100,25.46375,400000600
5,game_graph_short_timeline,file,baseline,78,100,27.7575,400000300
5,game_graph_short_timeline,file,candidate,78,100,27.26917,400000300
5,synthetic_ascii_dense,file,baseline,174153,6,5882.069333,1536162240
5,synthetic_ascii_dense,file,candidate,174153,6,5067.243,1536162240
5,fixture_mode_4k,metadata,baseline,149,100,11.0,400000400
5,fixture_mode_4k,metadata,candidate,149,100,10.06833,400000400
5,fixture_ubmchallenge,metadata,baseline,8441623,3,108637.4307,249083226
5,fixture_ubmchallenge,metadata,candidate,8441623,3,77294.81933,249083226
5,synthetic_ascii_sparse,file,baseline,2633,100,132.19125,25600032000
5,synthetic_ascii_sparse,file,candidate,2633,100,115.4775,25600032000
5,fixture_regression_jack_the_ripper_7normal,full,candidate,84000,12,1935.6805,1708996212
5,fixture_regression_jack_the_ripper_7normal,full,baseline,84000,12,2496.59375,1708996212
5,game_graph_short_timeline,full,candidate,78,100,12.40959,400000300
5,game_graph_short_timeline,full,baseline,78,100,12.78042,400000300
5,fixture_mode_6k,metadata,candidate,245,100,11.17833,400000600
5,fixture_mode_6k,metadata,baseline,245,100,11.96417,400000600
5,fixture_ubmchallenge,full,candidate,8441623,3,77076.72233,249083418
5,fixture_ubmchallenge,full,baseline,8441623,3,112772.625,249083418
5,fixture_regression_wizdomiot_7another,full,candidate,102167,10,2408.7541,1674024400
5,fixture_regression_wizdomiot_7another,full,baseline,102167,10,2918.2,1674024400
5,synthetic_utf8,full,baseline,174205,6,5961.715167,1536162240
5,synthetic_utf8,full,candidate,174205,6,4988.9445,1536162240
5,fixture_mode_4k,full,candidate,149,100,11.91083,400000600
5,fixture_mode_4k,full,baseline,149,100,13.13791,400000600
5,synthetic_shiftjis,metadata,candidate,174177,6,3831.791667,1536161280
5,synthetic_shiftjis,metadata,baseline,174177,6,4423.375,1536161280
5,game_graph_distant_timeline,metadata,baseline,122,100,18.86625,48000000000000100
5,game_graph_distant_timeline,metadata,candidate,122,100,16.96541,48000000000000100
5,fixture_mode_8k,file,candidate,245,100,28.05667,400001000
5,fixture_mode_8k,file,baseline,245,100,29.09416,400001000
5,fixture_mode_6k,file,baseline,245,100,28.42459,400000800
5,fixture_mode_6k,file,candidate,245,100,27.9925,400000800
5,synthetic_euckr,file,baseline,174173,6,6364.4375,1536162240
5,synthetic_euckr,file,candidate,174173,6,5583.222167,1536162240
5,game_acceptance_7k,full,candidate,1209,100,55.62334,1416674200
5,game_acceptance_7k,full,baseline,1209,100,61.4925,1416674200
5,game_graph_distant_timeline,full,candidate,122,100,17.97667,48000000000000300
5,game_graph_distant_timeline,full,baseline,122,100,19.485,48000000000000300
5,fixture_regression_jack_the_ripper_7normal,metadata,candidate,84000,12,1265.864583,1708992948
5,fixture_regression_jack_the_ripper_7normal,metadata,baseline,84000,12,1750.041667,1708992948
5,fixture_example,file,baseline,73937,14,2201.211357,2105262964
5,fixture_example,file,candidate,73937,14,1840.416643,2105262964
5,fixture_regression_wizdomiot_7another,file,candidate,102167,10,2417.725,1674024400
5,fixture_regression_wizdomiot_7another,file,baseline,102167,10,2946.15,1674024400
5,fixture_mode_6k,full,baseline,245,100,13.90875,400000800
5,fixture_mode_6k,full,candidate,245,100,12.91,400000800
5,synthetic_euckr,metadata,candidate,174173,6,4171.111167,1536161280
5,synthetic_euckr,metadata,baseline,174173,6,4609.7985,1536161280
5,fixture_regression_ozma_spn,metadata,candidate,56697,18,886.3865556,2869776126
5,fixture_regression_ozma_spn,metadata,baseline,56697,18,1135.342556,2869776126
5,fixture_regression_ozma_spn,full,baseline,56697,18,1984.043944,2869779744
5,fixture_regression_ozma_spn,full,candidate,56697,18,1716.039333,2869779744
5,synthetic_sjis_auto,full,candidate,174155,6,5451.4375,1536162240
5,synthetic_sjis_auto,full,baseline,174155,6,7393.243167,1536162240
5,fixture_aleph0_another,file,baseline,85763,12,3648.454917,1664625204
5,fixture_aleph0_another,file,candidate,85763,12,3145.361083,1664625204
5,fixture_regression_altale_a,file,baseline,65894,15,2001.916667,2357976240
5,fixture_regression_altale_a,file,candidate,65894,15,1663.4,2357976240
5,fixture_mode_8k,full,baseline,245,100,17.10917,400001000
5,fixture_mode_8k,full,candidate,245,100,16.19542,400001000
5,synthetic_ascii_sparse,full,candidate,2633,100,123.01084,25600032000
5,synthetic_ascii_sparse,full,baseline,2633,100,142.41458,25600032000
5,synthetic_late_charset,file,baseline,174173,6,7415.514,1536162240
5,synthetic_late_charset,file,candidate,174173,6,6310.9515,1536162240
5,fixture_regression_jack_the_ripper_7normal,file,baseline,84000,12,3200.975667,1708996212
5,fixture_regression_jack_the_ripper_7normal,file,candidate,84000,12,2488.819417,1708996212
5,fixture_aleph0_another,full,candidate,85763,12,3296.482667,1664625204
5,fixture_aleph0_another,full,baseline,85763,12,3836.5695,1664625204
5,synthetic_sjis_auto,metadata,candidate,174155,6,4726.152667,1536161280
5,synthetic_sjis_auto,metadata,baseline,174155,6,5769.7985,1536161280
5,fixture_regression_wizdomiot_7another,metadata,candidate,102167,10,2109.6291,1674022880
5,fixture_regression_wizdomiot_7another,metadata,baseline,102167,10,2736.975,1674022880
5,fixture_regression_altale_a,full,baseline,65894,15,2124.075,2357976240
5,fixture_regression_altale_a,full,candidate,65894,15,1817.6,2357976240
5,fixture_mode_8k,metadata,baseline,245,100,16.54875,400000800
5,fixture_mode_8k,metadata,candidate,245,100,15.41,400000800
5,synthetic_utf8,file,candidate,174205,6,6469.958333,1536162240
5,synthetic_utf8,file,baseline,174205,6,7624.2015,1536162240
5,game_acceptance_7k,metadata,candidate,1209,100,64.55375,1416673700
5,game_acceptance_7k,metadata,baseline,1209,100,71.13,1416673700
5,fixture_ubmchallenge,file,candidate,8441623,3,102323.5,249083418
5,fixture_ubmchallenge,file,baseline,8441623,3,157696.9583,249083418
5,synthetic_late_charset,full,baseline,174173,6,8705.507,1536162240
5,synthetic_late_charset,full,candidate,174173,6,7066.791667,1536162240
5,synthetic_shiftjis,file,baseline,174177,6,8868.25,1536162240
5,synthetic_shiftjis,file,candidate,174177,6,8164.902833,1536162240
5,synthetic_shiftjis,full,baseline,174177,6,11095.72917,1536162240
5,synthetic_shiftjis,full,candidate,174177,6,9101.340333,1536162240
5,fixture_example,full,candidate,73937,14,3280.261929,2105262964
5,fixture_example,full,baseline,73937,14,3845.639857,2105262964
5,synthetic_utf8,metadata,baseline,174205,6,7557.9375,1536161280
5,synthetic_utf8,metadata,candidate,174205,6,6705.3195,1536161280
6,fixture_regression_jack_the_ripper_7normal,file,candidate,84000,12,3227.71875,1708996212
6,fixture_regression_jack_the_ripper_7normal,file,baseline,84000,12,4202.5,1708996212
6,fixture_mode_4k,full,candidate,149,100,18.14625,400000600
6,fixture_mode_4k,full,baseline,149,100,19.31792,400000600
6,fixture_regression_altale_a,metadata,candidate,65894,15,1596.063867,2357974890
6,fixture_regression_altale_a,metadata,baseline,65894,15,1968.625,2357974890
6,fixture_mode_4k,file,candidate,149,100,40.45541,400000600
6,fixture_mode_4k,file,baseline,149,100,41.68916,400000600
6,synthetic_utf8,file,baseline,174205,6,9387.395833,1536162240
6,synthetic_utf8,file,candidate,174205,6,7098.888833,1536162240
6,fixture_mode_6k,metadata,candidate,245,100,16.41209,400000600
6,fixture_mode_6k,metadata,baseline,245,100,17.5,400000600
6,synthetic_sjis_auto,file,baseline,174155,6,10282.88883,1536162240
6,synthetic_sjis_auto,file,candidate,174155,6,8270.965167,1536162240
6,game_graph_distant_timeline,metadata,baseline,122,100,28.80875,48000000000000100
6,game_graph_distant_timeline,metadata,candidate,122,100,29.4,48000000000000100
6,synthetic_shiftjis,full,candidate,174177,6,7884.3125,1536162240
6,synthetic_shiftjis,full,baseline,174177,6,11808.21533,1536162240
6,synthetic_late_charset,metadata,baseline,174173,6,8370.875,1536161280
6,synthetic_late_charset,metadata,candidate,174173,6,6959.965333,1536161280
6,synthetic_euckr,full,baseline,174173,6,12259.96533,1536162240
6,synthetic_euckr,full,candidate,174173,6,9639.048667,1536162240
6,fixture_mode_6k,file,baseline,245,100,51.36667,400000800
6,fixture_mode_6k,file,candidate,245,100,49.5425,400000800
6,fixture_regression_ozma_spn,full,baseline,56697,18,3461.701389,2869779744
6,fixture_regression_ozma_spn,full,candidate,56697,18,2911.898167,2869779744
6,synthetic_euckr,file,baseline,174173,6,10076.72917,1536162240
6,synthetic_euckr,file,candidate,174173,6,8587.534667,1536162240
6,synthetic_sjis_auto,metadata,candidate,174155,6,5987.4515,1536161280
6,synthetic_sjis_auto,metadata,baseline,174155,6,7389.083333,1536161280
6,fixture_regression_wizdomiot_7another,metadata,candidate,102167,10,2419.9541,1674022880
6,fixture_regression_wizdomiot_7another,metadata,baseline,102167,10,2979.1083,1674022880
6,game_graph_distant_timeline,file,baseline,122,100,47.38708,48000000000000300
6,game_graph_distant_timeline,file,candidate,122,100,47.79833,48000000000000300
6,game_graph_short_timeline,file,baseline,78,100,39.98166,400000300
6,game_graph_short_timeline,file,candidate,78,100,39.17583,400000300
6,game_acceptance_7k,full,candidate,1209,100,78.69375,1416674200
6,game_acceptance_7k,full,baseline,1209,100,87.16083,1416674200
6,game_acceptance_7k,file,baseline,1209,100,107.175,1416674200
6,game_acceptance_7k,file,candidate,1209,100,100.24958,1416674200
6,fixture_regression_wizdomiot_7another,file,candidate,102167,10,3442.0416,1674024400
6,fixture_regression_wizdomiot_7another,file,baseline,102167,10,4208.8625,1674024400
6,synthetic_ascii_dense,file,baseline,174153,6,8611.888833,1536162240
6,synthetic_ascii_dense,file,candidate,174153,6,7188.902667,1536162240
6,fixture_mode_4k,metadata,candidate,149,100,14.83,400000400
6,fixture_mode_4k,metadata,baseline,149,100,15.55958,400000400
6,game_graph_short_timeline,metadata,candidate,78,100,17.62875,400000100
6,game_graph_short_timeline,metadata,baseline,78,100,18.33083,400000100
6,synthetic_late_charset,full,candidate,174173,6,7172.868167,1536162240
6,synthetic_late_charset,full,baseline,174173,6,8734.395833,1536162240
6,synthetic_shiftjis,file,candidate,174177,6,7211.6945,1536162240
6,synthetic_shiftjis,file,baseline,174177,6,8679.770833,1536162240
6,fixture_example,full,baseline,73937,14,3040.238071,2105262964
6,fixture_example,full,candidate,73937,14,2567.383929,2105262964
6,synthetic_ascii_sparse,file,candidate,2633,100,172.26875,25600032000
6,synthetic_ascii_sparse,file,baseline,2633,100,199.7075,25600032000
6,fixture_regression_altale_a,full,candidate,65894,15,1995.305533,2357976240
6,fixture_regression_altale_a,full,baseline,65894,15,2363.616667,2357976240
6,fixture_mode_8k,full,candidate,245,100,19.71,400001000
6,fixture_mode_8k,full,baseline,245,100,20.67416,400001000
6,synthetic_late_charset,file,candidate,174173,6,7307.9305,1536162240
6,synthetic_late_charset,file,baseline,174173,6,8868.291667,1536162240
6,fixture_ubmchallenge,full,baseline,8441623,3,155995.486,249083418
6,fixture_ubmchallenge,full,candidate,8441623,3,99645.58333,249083418
6,fixture_mode_6k,full,candidate,245,100,15.04,400000800
6,fixture_mode_6k,full,baseline,245,100,16.13834,400000800
6,fixture_mode_8k,file,candidate,245,100,32.67083,400001000
6,fixture_mode_8k,file,baseline,245,100,33.84208,400001000
6,synthetic_ascii_dense,full,baseline,174153,6,6490.006833,1536162240
6,synthetic_ascii_dense,full,candidate,174153,6,5372.791667,1536162240
6,synthetic_sjis_auto,full,candidate,174155,6,5484.305667,1536162240
6,synthetic_sjis_auto,full,baseline,174155,6,6813.777667,1536162240
6,fixture_regression_jack_the_ripper_7normal,metadata,baseline,84000,12,1807.204833,1708992948
6,fixture_regression_jack_the_ripper_7normal,metadata,candidate,84000,12,1304.538167,1708992948
6,fixture_aleph0_another,file,baseline,85763,12,3197.461833,1664625204
6,fixture_aleph0_another,file,candidate,85763,12,2764.1285,1664625204
6,synthetic_ascii_dense,metadata,baseline,174153,6,4510.736167,1536161280
6,synthetic_ascii_dense,metadata,candidate,174153,6,3881.881833,1536161280
6,game_graph_short_timeline,full,candidate,78,100,13.17958,400000300
6,game_graph_short_timeline,full,baseline,78,100,13.67167,400000300
6,fixture_ubmchallenge,file,baseline,8441623,3,110032.986,249083418
6,fixture_ubmchallenge,file,candidate,8441623,3,77783.88867,249083418
6,synthetic_utf8,full,baseline,174205,6,5703.451333,1536162240
6,synthetic_utf8,full,candidate,174205,6,4902.951333,1536162240
6,fixture_regression_jack_the_ripper_7normal,full,candidate,84000,12,1990.805583,1708996212
6,fixture_regression_jack_the_ripper_7normal,full,baseline,84000,12,2615.21175,1708996212
6,fixture_ubmchallenge,metadata,candidate,8441623,3,76508.778,249083226
6,fixture_ubmchallenge,metadata,baseline,8441623,3,107064.3887,249083226
6,synthetic_utf8,metadata,baseline,174205,6,4096.402833,1536161280
6,synthetic_utf8,metadata,candidate,174205,6,3610.2015,1536161280
6,synthetic_shiftjis,metadata,candidate,174177,6,3666.139,1536161280
6,synthetic_shiftjis,metadata,baseline,174177,6,4311.826333,1536161280
6,fixture_example,metadata,baseline,73937,14,1289.961286,2105261676
6,fixture_example,metadata,candidate,73937,14,1054.526786,2105261676
6,fixture_example,file,candidate,73937,14,1788.1815,2105262964
6,fixture_example,file,baseline,73937,14,2100.389929,2105262964
6,synthetic_euckr,metadata,candidate,174173,6,4006.972333,1536161280
6,synthetic_euckr,metadata,baseline,174173,6,4504.4375,1536161280
6,fixture_regression_ozma_spn,metadata,baseline,56697,18,1081.914333,2869776126
6,fixture_regression_ozma_spn,metadata,candidate,56697,18,855.3356111,2869776126
6,fixture_aleph0_another,full,baseline,85763,12,2973.809,1664625204
6,fixture_aleph0_another,full,candidate,85763,12,2581.02425,1664625204
6,fixture_aleph0_another,metadata,candidate,85763,12,1883.260417,1664621220
6,fixture_aleph0_another,metadata,baseline,85763,12,2185.975667,1664621220
6,game_acceptance_7k,metadata,candidate,1209,100,49.055,1416673700
6,game_acceptance_7k,metadata,baseline,1209,100,53.95666,1416673700
6,synthetic_ascii_sparse,metadata,baseline,2633,100,95.64625,25600016000
6,synthetic_ascii_sparse,metadata,candidate,2633,100,83.27709,25600016000
6,fixture_regression_wizdomiot_7another,full,baseline,102167,10,2832.475,1674024400
6,fixture_regression_wizdomiot_7another,full,candidate,102167,10,2353.475,1674024400
6,game_graph_distant_timeline,full,baseline,122,100,19.27334,48000000000000300
6,game_graph_distant_timeline,full,candidate,122,100,19.08417,48000000000000300
6,fixture_mode_8k,metadata,baseline,245,100,12.65125,400000800
6,fixture_mode_8k,metadata,candidate,245,100,11.82584,400000800
6,synthetic_ascii_sparse,full,baseline,2633,100,120.88667,25600032000
6,synthetic_ascii_sparse,full,candidate,2633,100,104.31084,25600032000
6,fixture_regression_altale_a,file,candidate,65894,15,1398.7028,2357976240
6,fixture_regression_altale_a,file,baseline,65894,15,1832.494467,2357976240
6,fixture_regression_ozma_spn,file,candidate,56697,18,1628.444444,2869779744
6,fixture_regression_ozma_spn,file,baseline,56697,18,1947.669,2869779744
