sample,backend,kind,case,bytes,ns,checksum
0,utf8proc,validate,ascii_8,8,8.94966,250000
0,utf8proc,decode,ascii_8,8,14.5283,14500000
0,utf8proc,validate,ascii_32,32,32.1426,65536
0,utf8proc,decode,ascii_32,32,53.9792,6422528
0,utf8proc,validate,korean_title,29,27.783,72315
0,utf8proc,decode,korean_title,29,38.8751,9545580
0,utf8proc,validate,japanese_title,33,29.8899,63550
0,utf8proc,decode,japanese_title,33,43.6041,8897000
0,utf8proc,validate,mixed_256,260,304.975,8065
0,utf8proc,decode,mixed_256,260,374.644,7339150
0,utf8proc,validate,file_64k,65565,59883.1,512
0,utf8proc,decode,file_64k,65565,81122.4,18575872
0,utf8proc,validate,bad_head_64k,65565,2.11523,0
0,utf8proc,decode,bad_head_64k,65565,2.36133,0
0,utf8proc,validate,bad_tail_64k,65565,57955.3,0
0,utf8proc,decode,bad_tail_64k,65565,79644.2,0
0,utf8proc,validate,truncated_32,32,33.1955,0
0,utf8proc,decode,truncated_32,32,52.4813,0
0,utf8proc,frame,stable,,83480.09999999999,4896000
0,utf8proc,frame,changing,,91810.7,4896000
0,utfcpp,validate,ascii_8,8,4.0285,250000
0,utfcpp,decode,ascii_8,8,7.12666,14500000
0,utfcpp,validate,ascii_32,32,11.7741,65536
0,utfcpp,decode,ascii_32,32,22.3071,6422528
0,utfcpp,validate,korean_title,29,23.6627,72315
0,utfcpp,decode,korean_title,29,24.788,9545580
0,utfcpp,validate,japanese_title,33,28.3432,63550
0,utfcpp,decode,japanese_title,33,27.264,8897000
0,utfcpp,validate,mixed_256,260,257.0,8065
0,utfcpp,decode,mixed_256,260,217.622,7339150
0,utfcpp,validate,file_64k,65565,66794.5,512
0,utfcpp,decode,file_64k,65565,51872.8,18575872
0,utfcpp,validate,bad_head_64k,65565,2.19727,0
0,utfcpp,decode,bad_head_64k,65565,3250.57,0
0,utfcpp,validate,bad_tail_64k,65565,68655.0,0
0,utfcpp,decode,bad_tail_64k,65565,57158.5,0
0,utfcpp,validate,truncated_32,32,12.1377,0
0,utfcpp,decode,truncated_32,32,3340.55,0
0,utfcpp,frame,stable,,83558.40000000001,4896000
0,utfcpp,frame,changing,,96063.1,4896000
0,production,validate,ascii_8,8,4.36216,250000
0,production,decode,ascii_8,8,12.9757,14500000
0,production,validate,ascii_32,32,5.89371,65536
0,production,decode,ascii_32,32,14.8951,6422528
0,production,validate,korean_title,29,11.519,72315
0,production,decode,korean_title,29,32.1141,9545580
0,production,validate,japanese_title,33,11.1297,63550
0,production,decode,japanese_title,33,35.1652,8897000
0,production,validate,mixed_256,260,33.5039,8065
0,production,decode,mixed_256,260,198.254,7339150
0,production,validate,file_64k,65565,5943.12,512
0,production,decode,file_64k,65565,37341.6,18575872
0,production,validate,bad_head_64k,65565,5895.91,0
0,production,decode,bad_head_64k,65565,2008.79,0
0,production,validate,bad_tail_64k,65565,5890.38,0
0,production,decode,bad_tail_64k,65565,40271.2,0
0,production,validate,truncated_32,32,11.0105,0
0,production,decode,truncated_32,32,22.3866,0
0,production,frame,stable,,85340.7,4896000
0,production,frame,changing,,91810.1,4896000
0,simdutf,validate,ascii_8,8,4.49367,250000
0,simdutf,decode,ascii_8,8,16.6108,14500000
0,simdutf,validate,ascii_32,32,5.79007,65536
0,simdutf,decode,ascii_32,32,16.1012,6422528
0,simdutf,validate,korean_title,29,11.6257,72315
0,simdutf,decode,korean_title,29,28.2912,9545580
0,simdutf,validate,japanese_title,33,10.9769,63550
0,simdutf,decode,japanese_title,33,30.141,8897000
0,simdutf,validate,mixed_256,260,34.9556,8065
0,simdutf,decode,mixed_256,260,206.375,7339150
0,simdutf,validate,file_64k,65565,6084.15,512
0,simdutf,decode,file_64k,65565,39397.5,18575872
0,simdutf,validate,bad_head_64k,65565,6075.6,0
0,simdutf,decode,bad_head_64k,65565,2062.83,0
0,simdutf,validate,bad_tail_64k,65565,6106.45,0
0,simdutf,decode,bad_tail_64k,65565,39583.4,0
0,simdutf,validate,truncated_32,32,10.8585,0
0,simdutf,decode,truncated_32,32,19.8981,0
0,simdutf,frame,stable,,85173.59999999999,4896000
0,simdutf,frame,changing,,91006.20000000001,4896000
1,simdutf,validate,ascii_8,8,4.345,250000
1,simdutf,decode,ascii_8,8,16.1098,14500000
1,simdutf,validate,ascii_32,32,5.57645,65536
1,simdutf,decode,ascii_32,32,15.9111,6422528
1,simdutf,validate,korean_title,29,11.2459,72315
1,simdutf,decode,korean_title,29,27.3399,9545580
1,simdutf,validate,japanese_title,33,10.5717,63550
1,simdutf,decode,japanese_title,33,29.1477,8897000
1,simdutf,validate,mixed_256,260,33.5865,8065
1,simdutf,decode,mixed_256,260,200.196,7339150
1,simdutf,validate,file_64k,65565,5891.44,512
1,simdutf,decode,file_64k,65565,38702.6,18575872
1,simdutf,validate,bad_head_64k,65565,6079.59,0
1,simdutf,decode,bad_head_64k,65565,2368.49,0
1,simdutf,validate,bad_tail_64k,65565,6083.66,0
1,simdutf,decode,bad_tail_64k,65565,39270.5,0
1,simdutf,validate,truncated_32,32,10.8585,0
1,simdutf,decode,truncated_32,32,20.1607,0
1,simdutf,frame,stable,,84286.3,4896000
1,simdutf,frame,changing,,90940.1,4896000
1,utfcpp,validate,ascii_8,8,4.15367,250000
1,utfcpp,decode,ascii_8,8,7.34533,14500000
1,utfcpp,validate,ascii_32,32,12.1365,65536
1,utfcpp,decode,ascii_32,32,23.105,6422528
1,utfcpp,validate,korean_title,29,24.5108,72315
1,utfcpp,decode,korean_title,29,25.5128,9545580
1,utfcpp,validate,japanese_title,33,29.5161,63550
1,utfcpp,decode,japanese_title,33,27.9032,8897000
1,utfcpp,validate,mixed_256,260,257.021,8065
1,utfcpp,decode,mixed_256,260,217.535,7339150
1,utfcpp,validate,file_64k,65565,67960.5,512
1,utfcpp,decode,file_64k,65565,53625.3,18575872
1,utfcpp,validate,bad_head_64k,65565,2.60352,0
1,utfcpp,decode,bad_head_64k,65565,3370.93,0
1,utfcpp,validate,bad_tail_64k,65565,68983.3,0
1,utfcpp,decode,bad_tail_64k,65565,56741.2,0
1,utfcpp,validate,truncated_32,32,11.7741,0
1,utfcpp,decode,truncated_32,32,3334.85,0
1,utfcpp,frame,stable,,84343.3,4896000
1,utfcpp,frame,changing,,93115.7,4896000
1,utf8proc,validate,ascii_8,8,9.0055,250000
1,utf8proc,decode,ascii_8,8,14.5323,14500000
1,utf8proc,validate,ascii_32,32,32.1439,65536
1,utf8proc,decode,ascii_32,32,54.0727,6422528
1,utf8proc,validate,korean_title,29,28.1258,72315
1,utf8proc,decode,korean_title,29,38.9413,9545580
1,utf8proc,validate,japanese_title,33,29.7437,63550
1,utf8proc,decode,japanese_title,33,43.633,8897000
1,utf8proc,validate,mixed_256,260,306.918,8065
1,utf8proc,decode,mixed_256,260,372.716,7339150
1,utf8proc,validate,file_64k,65565,58162.4,512
1,utf8proc,decode,file_64k,65565,79573.2,18575872
1,utf8proc,validate,bad_head_64k,65565,2.03516,0
1,utf8proc,decode,bad_head_64k,65565,2.35938,0
1,utf8proc,validate,bad_tail_64k,65565,59486.5,0
1,utf8proc,decode,bad_tail_64k,65565,81878.7,0
1,utf8proc,validate,truncated_32,32,34.1651,0
1,utf8proc,decode,truncated_32,32,54.1007,0
1,utf8proc,frame,stable,,85520.1,4896000
1,utf8proc,frame,changing,,93735.1,4896000
1,production,validate,ascii_8,8,4.47484,250000
1,production,decode,ascii_8,8,13.1407,14500000
1,production,validate,ascii_32,32,6.12831,65536
1,production,decode,ascii_32,32,15.4203,6422528
1,production,validate,korean_title,29,12.0595,72315
1,production,decode,korean_title,29,32.215,9545580
1,production,validate,japanese_title,33,10.9094,63550
1,production,decode,japanese_title,33,34.5915,8897000
1,production,validate,mixed_256,260,34.661,8065
1,production,decode,mixed_256,260,207.088,7339150
1,production,validate,file_64k,65565,5903.4,512
1,production,decode,file_64k,65565,36961.8,18575872
1,production,validate,bad_head_64k,65565,5905.68,0
1,production,decode,bad_head_64k,65565,1987.71,0
1,production,validate,bad_tail_64k,65565,5983.72,0
1,production,decode,bad_tail_64k,65565,39387.2,0
1,production,validate,truncated_32,32,10.9323,0
1,production,decode,truncated_32,32,22.0941,0
1,production,frame,stable,,89705.7,4896000
1,production,frame,changing,,90490.7,4896000
2,production,validate,ascii_8,8,4.339,250000
2,production,decode,ascii_8,8,12.7125,14500000
2,production,validate,ascii_32,32,5.88799,65536
2,production,decode,ascii_32,32,14.8042,6422528
2,production,validate,korean_title,29,11.4816,72315
2,production,decode,korean_title,29,31.3789,9545580
2,production,validate,japanese_title,33,10.5324,63550
2,production,decode,japanese_title,33,33.5031,8897000
2,production,validate,mixed_256,260,33.8138,8065
2,production,decode,mixed_256,260,200.61,7339150
2,production,validate,file_64k,65565,6013.75,512
2,production,decode,file_64k,65565,37418.7,18575872
2,production,validate,bad_head_64k,65565,6004.07,0
2,production,decode,bad_head_64k,65565,2032.88,0
2,production,validate,bad_tail_64k,65565,6003.83,0
2,production,decode,bad_tail_64k,65565,38750.4,0
2,production,validate,truncated_32,32,10.533,0
2,production,decode,truncated_32,32,21.3776,0
2,production,frame,stable,,83404.70000000001,4896000
2,production,frame,changing,,90013.90000000001,4896000
2,utf8proc,validate,ascii_8,8,8.6855,250000
2,utf8proc,decode,ascii_8,8,14.1063,14500000
2,utf8proc,validate,ascii_32,32,31.0217,65536
2,utf8proc,decode,ascii_32,32,52.1107,6422528
2,utf8proc,validate,korean_title,29,26.9533,72315
2,utf8proc,decode,korean_title,29,37.7584,9545580
2,utf8proc,validate,japanese_title,33,28.8546,63550
2,utf8proc,decode,japanese_title,33,42.4331,8897000
2,utf8proc,validate,mixed_256,260,295.893,8065
2,utf8proc,decode,mixed_256,260,362.916,7339150
2,utf8proc,validate,file_64k,65565,58034.3,512
2,utf8proc,decode,file_64k,65565,79506.1,18575872
2,utf8proc,validate,bad_head_64k,65565,2.0332,0
2,utf8proc,decode,bad_head_64k,65565,2.2793,0
2,utf8proc,validate,bad_tail_64k,65565,58267.6,0
2,utf8proc,decode,bad_tail_64k,65565,79761.6,0
2,utf8proc,validate,truncated_32,32,33.2375,0
2,utf8proc,decode,truncated_32,32,52.4616,0
2,utf8proc,frame,stable,,83813.1,4896000
2,utf8proc,frame,changing,,93252.0,4896000
2,utfcpp,validate,ascii_8,8,4.02867,250000
2,utfcpp,decode,ascii_8,8,7.139,14500000
2,utfcpp,validate,ascii_32,32,11.7747,65536
2,utfcpp,decode,ascii_32,32,22.3484,6422528
2,utfcpp,validate,korean_title,29,23.6886,72315
2,utfcpp,decode,korean_title,29,24.8773,9545580
2,utfcpp,validate,japanese_title,33,28.7287,63550
2,utfcpp,decode,japanese_title,33,27.2633,8897000
2,utfcpp,validate,mixed_256,260,257.326,8065
2,utfcpp,decode,mixed_256,260,217.829,7339150
2,utfcpp,validate,file_64k,65565,66957.4,512
2,utfcpp,decode,file_64k,65565,51947.4,18575872
2,utfcpp,validate,bad_head_64k,65565,2.19727,0
2,utfcpp,decode,bad_head_64k,65565,3333.09,0
2,utfcpp,validate,bad_tail_64k,65565,67029.0,0
2,utfcpp,decode,bad_tail_64k,65565,55736.2,0
2,utfcpp,validate,truncated_32,32,11.8173,0
2,utfcpp,decode,truncated_32,32,3291.49,0
2,utfcpp,frame,stable,,84003.5,4896000
2,utfcpp,frame,changing,,92052.5,4896000
2,simdutf,validate,ascii_8,8,4.341,250000
2,simdutf,decode,ascii_8,8,16.121,14500000
2,simdutf,validate,ascii_32,32,5.57709,65536
2,simdutf,decode,ascii_32,32,16.0522,6422528
2,simdutf,validate,korean_title,29,11.2229,72315
2,simdutf,decode,korean_title,29,27.4142,9545580
2,simdutf,validate,japanese_title,33,10.5344,63550
2,simdutf,decode,japanese_title,33,29.1293,8897000
2,simdutf,validate,mixed_256,260,33.571,8065
2,simdutf,decode,mixed_256,260,199.892,7339150
2,simdutf,validate,file_64k,65565,6005.54,512
2,simdutf,decode,file_64k,65565,38077.4,18575872
2,simdutf,validate,bad_head_64k,65565,5888.1,0
2,simdutf,decode,bad_head_64k,65565,1971.27,0
2,simdutf,validate,bad_tail_64k,65565,5892.41,0
2,simdutf,decode,bad_tail_64k,65565,38157.7,0
2,simdutf,validate,truncated_32,32,10.5336,0
2,simdutf,decode,truncated_32,32,19.2534,0
2,simdutf,frame,stable,,83498.0,4896000
2,simdutf,frame,changing,,90265.4,4896000
3,production,validate,ascii_8,8,4.33817,250000
3,production,decode,ascii_8,8,12.7128,14500000
3,production,validate,ascii_32,32,5.88736,65536
3,production,decode,ascii_32,32,14.8602,6422528
3,production,validate,korean_title,29,12.1154,72315
3,production,decode,korean_title,29,31.4037,9545580
3,production,validate,japanese_title,33,10.535,63550
3,production,decode,japanese_title,33,33.4592,8897000
3,production,validate,mixed_256,260,33.8087,8065
3,production,decode,mixed_256,260,198.006,7339150
3,production,validate,file_64k,65565,5902.59,512
3,production,decode,file_64k,65565,36720.9,18575872
3,production,validate,bad_head_64k,65565,5892.58,0
3,production,decode,bad_head_64k,65565,2008.62,0
3,production,validate,bad_tail_64k,65565,5888.67,0
3,production,decode,bad_tail_64k,65565,38190.8,0
3,production,validate,truncated_32,32,10.5343,0
3,production,decode,truncated_32,32,21.4971,0
3,production,frame,stable,,83569.1,4896000
3,production,frame,changing,,90912.09999999999,4896000
3,utfcpp,validate,ascii_8,8,4.02883,250000
3,utfcpp,decode,ascii_8,8,7.13667,14500000
3,utfcpp,validate,ascii_32,32,12.3456,65536
3,utfcpp,decode,ascii_32,32,22.8755,6422528
3,utfcpp,validate,korean_title,29,23.7831,72315
3,utfcpp,decode,korean_title,29,24.8853,9545580
3,utfcpp,validate,japanese_title,33,28.6716,63550
3,utfcpp,decode,japanese_title,33,27.2758,8897000
3,utfcpp,validate,mixed_256,260,257.078,8065
3,utfcpp,decode,mixed_256,260,218.124,7339150
3,utfcpp,validate,file_64k,65565,68619.2,512
3,utfcpp,decode,file_64k,65565,52664.6,18575872
3,utfcpp,validate,bad_head_64k,65565,3.01172,0
3,utfcpp,decode,bad_head_64k,65565,3256.67,0
3,utfcpp,validate,bad_tail_64k,65565,69336.1,0
3,utfcpp,decode,bad_tail_64k,65565,55232.1,0
3,utfcpp,validate,truncated_32,32,11.7779,0
3,utfcpp,decode,truncated_32,32,3335.82,0
3,utfcpp,frame,stable,,84017.9,4896000
3,utfcpp,frame,changing,,92649.3,4896000
3,utf8proc,validate,ascii_8,8,8.71217,250000
3,utf8proc,decode,ascii_8,8,14.1063,14500000
3,utf8proc,validate,ascii_32,32,30.9823,65536
3,utf8proc,decode,ascii_32,32,52.2092,6422528
3,utf8proc,validate,korean_title,29,26.9913,72315
3,utf8proc,decode,korean_title,29,37.6991,9545580
3,utf8proc,validate,japanese_title,33,29.109,63550
3,utf8proc,decode,japanese_title,33,42.4128,8897000
3,utf8proc,validate,mixed_256,260,295.898,8065
3,utf8proc,decode,mixed_256,260,360.824,7339150
3,utf8proc,validate,file_64k,65565,57961.8,512
3,utf8proc,decode,file_64k,65565,79596.7,18575872
3,utf8proc,validate,bad_head_64k,65565,2.0332,0
3,utf8proc,decode,bad_head_64k,65565,2.2793,0
3,utf8proc,validate,bad_tail_64k,65565,58028.8,0
3,utf8proc,decode,bad_tail_64k,65565,79527.5,0
3,utf8proc,validate,truncated_32,32,33.3328,0
3,utf8proc,decode,truncated_32,32,53.1413,0
3,utf8proc,frame,stable,,83671.5,4896000
3,utf8proc,frame,changing,,93003.20000000001,4896000
3,simdutf,validate,ascii_8,8,4.3385,250000
3,simdutf,decode,ascii_8,8,16.1205,14500000
3,simdutf,validate,ascii_32,32,5.57773,65536
3,simdutf,decode,ascii_32,32,15.9264,6422528
3,simdutf,validate,korean_title,29,11.2534,72315
3,simdutf,decode,korean_title,29,27.3422,9545580
3,simdutf,validate,japanese_title,33,10.5344,63550
3,simdutf,decode,japanese_title,33,29.1634,8897000
3,simdutf,validate,mixed_256,260,33.5762,8065
3,simdutf,decode,mixed_256,260,200.646,7339150
3,simdutf,validate,file_64k,65565,5906.66,512
3,simdutf,decode,file_64k,65565,38159.8,18575872
3,simdutf,validate,bad_head_64k,65565,5892.5,0
3,simdutf,decode,bad_head_64k,65565,2009.28,0
3,simdutf,validate,bad_tail_64k,65565,5892.42,0
3,simdutf,decode,bad_tail_64k,65565,39790.7,0
3,simdutf,validate,truncated_32,32,10.6837,0
3,simdutf,decode,truncated_32,32,20.0303,0
3,simdutf,frame,stable,,83430.5,4896000
3,simdutf,frame,changing,,89840.40000000001,4896000
4,utfcpp,validate,ascii_8,8,4.03933,250000
4,utfcpp,decode,ascii_8,8,7.12617,14500000
4,utfcpp,validate,ascii_32,32,11.7728,65536
4,utfcpp,decode,ascii_32,32,22.3484,6422528
4,utfcpp,validate,korean_title,29,23.8165,72315
4,utfcpp,decode,korean_title,29,25.2213,9545580
4,utfcpp,validate,japanese_title,33,28.3045,63550
4,utfcpp,decode,japanese_title,33,27.3053,8897000
4,utfcpp,validate,mixed_256,260,257.336,8065
4,utfcpp,decode,mixed_256,260,217.943,7339150
4,utfcpp,validate,file_64k,65565,66817.3,512
4,utfcpp,decode,file_64k,65565,51939.4,18575872
4,utfcpp,validate,bad_head_64k,65565,2.27734,0
4,utfcpp,decode,bad_head_64k,65565,3259.69,0
4,utfcpp,validate,bad_tail_64k,65565,66863.8,0
4,utfcpp,decode,bad_tail_64k,65565,55347.8,0
4,utfcpp,validate,truncated_32,32,11.7734,0
4,utfcpp,decode,truncated_32,32,3318.72,0
4,utfcpp,frame,stable,,83441.40000000001,4896000
4,utfcpp,frame,changing,,93849.1,4896000
4,utf8proc,validate,ascii_8,8,8.67517,250000
4,utf8proc,decode,ascii_8,8,14.1067,14500000
4,utf8proc,validate,ascii_32,32,31.0224,65536
4,utf8proc,decode,ascii_32,32,52.2766,6422528
4,utf8proc,validate,korean_title,29,26.9527,72315
4,utf8proc,decode,korean_title,29,37.6945,9545580
4,utf8proc,validate,japanese_title,33,28.8139,63550
4,utf8proc,decode,japanese_title,33,42.38,8897000
4,utf8proc,validate,mixed_256,260,295.888,8065
4,utf8proc,decode,mixed_256,260,360.756,7339150
4,utf8proc,validate,file_64k,65565,58032.2,512
4,utf8proc,decode,file_64k,65565,79577.3,18575872
4,utf8proc,validate,bad_head_64k,65565,2.03516,0
4,utf8proc,decode,bad_head_64k,65565,2.2793,0
4,utf8proc,validate,bad_tail_64k,65565,58102.6,0
4,utf8proc,decode,bad_tail_64k,65565,79651.0,0
4,utf8proc,validate,truncated_32,32,33.193,0
4,utf8proc,decode,truncated_32,32,52.3446,0
4,utf8proc,frame,stable,,84216.6,4896000
4,utf8proc,frame,changing,,93030.6,4896000
4,simdutf,validate,ascii_8,8,4.48267,250000
4,simdutf,decode,ascii_8,8,16.726,14500000
4,simdutf,validate,ascii_32,32,5.74747,65536
4,simdutf,decode,ascii_32,32,16.3708,6422528
4,simdutf,validate,korean_title,29,11.5859,72315
4,simdutf,decode,korean_title,29,28.1748,9545580
4,simdutf,validate,japanese_title,33,10.8563,63550
4,simdutf,decode,japanese_title,33,30.0138,8897000
4,simdutf,validate,mixed_256,260,34.6197,8065
4,simdutf,decode,mixed_256,260,206.308,7339150
4,simdutf,validate,file_64k,65565,6067.95,512
4,simdutf,decode,file_64k,65565,39820.6,18575872
4,simdutf,validate,bad_head_64k,65565,6228.6,0
4,simdutf,decode,bad_head_64k,65565,2337.08,0
4,simdutf,validate,bad_tail_64k,65565,6290.61,0
4,simdutf,decode,bad_tail_64k,65565,41207.9,0
4,simdutf,validate,truncated_32,32,10.9259,0
4,simdutf,decode,truncated_32,32,21.3496,0
4,simdutf,frame,stable,,84259.4,4896000
4,simdutf,frame,changing,,89619.6,4896000
4,production,validate,ascii_8,8,4.33833,250000
4,production,decode,ascii_8,8,12.7135,14500000
4,production,validate,ascii_32,32,5.88672,65536
4,production,decode,ascii_32,32,14.8023,6422528
4,production,validate,korean_title,29,11.4816,72315
4,production,decode,korean_title,29,31.8854,9545580
4,production,validate,japanese_title,33,10.7343,63550
4,production,decode,japanese_title,33,34.1352,8897000
4,production,validate,mixed_256,260,34.1084,8065
4,production,decode,mixed_256,260,204.846,7339150
4,production,validate,file_64k,65565,6014.4,512
4,production,decode,file_64k,65565,37146.2,18575872
4,production,validate,bad_head_64k,65565,5892.98,0
4,production,decode,bad_head_64k,65565,1976.72,0
4,production,validate,bad_tail_64k,65565,5892.33,0
4,production,decode,bad_tail_64k,65565,38081.8,0
4,production,validate,truncated_32,32,10.6099,0
4,production,decode,truncated_32,32,21.3763,0
4,production,frame,stable,,83728.09999999999,4896000
4,production,frame,changing,,90020.9,4896000
5,production,validate,ascii_8,8,4.34334,250000
5,production,decode,ascii_8,8,12.7863,14500000
5,production,validate,ascii_32,32,5.93948,65536
5,production,decode,ascii_32,32,15.398,6422528
5,production,validate,korean_title,29,11.5709,72315
5,production,decode,korean_title,29,31.4192,9545580
5,production,validate,japanese_title,33,10.5344,63550
5,production,decode,japanese_title,33,33.5038,8897000
5,production,validate,mixed_256,260,33.4986,8065
5,production,decode,mixed_256,260,202.02,7339150
5,production,validate,file_64k,65565,5903.24,512
5,production,decode,file_64k,65565,36715.4,18575872
5,production,validate,bad_head_64k,65565,5893.55,0
5,production,decode,bad_head_64k,65565,2007.49,0
5,production,validate,bad_tail_64k,65565,5901.45,0
5,production,decode,bad_tail_64k,65565,38176.8,0
5,production,validate,truncated_32,32,10.5343,0
5,production,decode,truncated_32,32,21.4125,0
5,production,frame,stable,,84420.2,4896000
5,production,frame,changing,,91619.4,4896000
5,simdutf,validate,ascii_8,8,4.49517,250000
5,simdutf,decode,ascii_8,8,16.6275,14500000
5,simdutf,validate,ascii_32,32,5.76019,65536
5,simdutf,decode,ascii_32,32,15.8933,6422528
5,simdutf,validate,korean_title,29,11.6447,72315
5,simdutf,decode,korean_title,29,28.2261,9545580
5,simdutf,validate,japanese_title,33,10.8576,63550
5,simdutf,decode,japanese_title,33,30.0157,8897000
5,simdutf,validate,mixed_256,260,34.6146,8065
5,simdutf,decode,mixed_256,260,206.014,7339150
5,simdutf,validate,file_64k,65565,6178.22,512
5,simdutf,decode,file_64k,65565,39392.5,18575872
5,simdutf,validate,bad_head_64k,65565,6045.0,0
5,simdutf,decode,bad_head_64k,65565,2035.56,0
5,simdutf,validate,bad_tail_64k,65565,6070.07,0
5,simdutf,decode,bad_tail_64k,65565,40137.9,0
5,simdutf,validate,truncated_32,32,11.2006,0
5,simdutf,decode,truncated_32,32,20.5116,0
5,simdutf,frame,stable,,85900.59999999999,4896000
5,simdutf,frame,changing,,93834.40000000001,4896000
5,utf8proc,validate,ascii_8,8,9.39983,250000
5,utf8proc,decode,ascii_8,8,14.1585,14500000
5,utf8proc,validate,ascii_32,32,31.0154,65536
5,utf8proc,decode,ascii_32,32,54.0193,6422528
5,utf8proc,validate,korean_title,29,27.4666,72315
5,utf8proc,decode,korean_title,29,38.9263,9545580
5,utf8proc,validate,japanese_title,33,29.6991,63550
5,utf8proc,decode,japanese_title,33,43.6808,8897000
5,utf8proc,validate,mixed_256,260,304.634,8065
5,utf8proc,decode,mixed_256,260,371.461,7339150
5,utf8proc,validate,file_64k,65565,59310.2,512
5,utf8proc,decode,file_64k,65565,81494.5,18575872
5,utf8proc,validate,bad_head_64k,65565,2.11523,0
5,utf8proc,decode,bad_head_64k,65565,2.35938,0
5,utf8proc,validate,bad_tail_64k,65565,60007.4,0
5,utf8proc,decode,bad_tail_64k,65565,81895.5,0
5,utf8proc,validate,truncated_32,32,33.8224,0
5,utf8proc,decode,truncated_32,32,53.4026,0
5,utf8proc,frame,stable,,87477.59999999999,4896000
5,utf8proc,frame,changing,,95950.7,4896000
5,utfcpp,validate,ascii_8,8,4.17667,250000
5,utfcpp,decode,ascii_8,8,7.38917,14500000
5,utfcpp,validate,ascii_32,32,12.2515,65536
5,utfcpp,decode,ascii_32,32,23.0191,6422528
5,utfcpp,validate,korean_title,29,24.6912,72315
5,utfcpp,decode,korean_title,29,25.8026,9545580
5,utfcpp,validate,japanese_title,33,29.7161,63550
5,utfcpp,decode,japanese_title,33,28.2691,8897000
5,utfcpp,validate,mixed_256,260,265.928,8065
5,utfcpp,decode,mixed_256,260,225.263,7339150
5,utfcpp,validate,file_64k,65565,66962.2,512
5,utfcpp,decode,file_64k,65565,53014.6,18575872
5,utfcpp,validate,bad_head_64k,65565,2.35938,0
5,utfcpp,decode,bad_head_64k,65565,3338.87,0
5,utfcpp,validate,bad_tail_64k,65565,68609.3,0
5,utfcpp,decode,bad_tail_64k,65565,55194.5,0
5,utfcpp,validate,truncated_32,32,11.7747,0
5,utfcpp,decode,truncated_32,32,3360.9,0
5,utfcpp,frame,stable,,84204.9,4896000
5,utfcpp,frame,changing,,93208.6,4896000
6,production,validate,ascii_8,8,4.51284,250000
6,production,decode,ascii_8,8,13.2052,14500000
6,production,validate,ascii_32,32,6.12704,65536
6,production,decode,ascii_32,32,15.618,6422528
6,production,validate,korean_title,29,12.063,72315
6,production,decode,korean_title,29,32.3544,9545580
6,production,validate,japanese_title,33,10.733,63550
6,production,decode,japanese_title,33,34.4388,8897000
6,production,validate,mixed_256,260,34.5215,8065
6,production,decode,mixed_256,260,204.345,7339150
6,production,validate,file_64k,65565,6091.23,512
6,production,decode,file_64k,65565,37548.5,18575872
6,production,validate,bad_head_64k,65565,6004.8,0
6,production,decode,bad_head_64k,65565,2004.39,0
6,production,validate,bad_tail_64k,65565,6013.75,0
6,production,decode,bad_tail_64k,65565,38767.6,0
6,production,validate,truncated_32,32,10.7441,0
6,production,decode,truncated_32,32,21.8023,0
6,production,frame,stable,,83854.8,4896000
6,production,frame,changing,,91047.70000000001,4896000
6,utf8proc,validate,ascii_8,8,8.67566,250000
6,utf8proc,decode,ascii_8,8,14.0993,14500000
6,utf8proc,validate,ascii_32,32,30.9811,65536
6,utf8proc,decode,ascii_32,32,52.1119,6422528
6,utf8proc,validate,korean_title,29,26.9544,72315
6,utf8proc,decode,korean_title,29,37.7198,9545580
6,utf8proc,validate,japanese_title,33,28.8133,63550
6,utf8proc,decode,japanese_title,33,42.3649,8897000
6,utf8proc,validate,mixed_256,260,296.688,8065
6,utf8proc,decode,mixed_256,260,360.875,7339150
6,utf8proc,validate,file_64k,65565,58180.2,512
6,utf8proc,decode,file_64k,65565,82213.4,18575872
6,utf8proc,validate,bad_head_64k,65565,2.11719,0
6,utf8proc,decode,bad_head_64k,65565,2.44141,0
6,utf8proc,validate,bad_tail_64k,65565,58513.8,0
6,utf8proc,decode,bad_tail_64k,65565,80753.5,0
6,utf8proc,validate,truncated_32,32,33.1542,0
6,utf8proc,decode,truncated_32,32,52.3663,0
6,utf8proc,frame,stable,,85092.8,4896000
6,utf8proc,frame,changing,,93764.0,4896000
6,simdutf,validate,ascii_8,8,4.3745,250000
6,simdutf,decode,ascii_8,8,16.1683,14500000
6,simdutf,validate,ascii_32,32,5.61969,65536
6,simdutf,decode,ascii_32,32,15.5531,6422528
6,simdutf,validate,korean_title,29,11.2189,72315
6,simdutf,decode,korean_title,29,27.3848,9545580
6,simdutf,validate,japanese_title,33,10.575,63550
6,simdutf,decode,japanese_title,33,29.1234,8897000
6,simdutf,validate,mixed_256,260,33.5761,8065
6,simdutf,decode,mixed_256,260,200.744,7339150
6,simdutf,validate,file_64k,65565,5902.59,512
6,simdutf,decode,file_64k,65565,38074.3,18575872
6,simdutf,validate,bad_head_64k,65565,5892.82,0
6,simdutf,decode,bad_head_64k,65565,2012.53,0
6,simdutf,validate,bad_tail_64k,65565,5887.29,0
6,simdutf,decode,bad_tail_64k,65565,38065.3,0
6,simdutf,validate,truncated_32,32,10.5337,0
6,simdutf,decode,truncated_32,32,19.2102,0
6,simdutf,frame,stable,,83986.40000000001,4896000
6,simdutf,frame,changing,,90399.8,4896000
6,utfcpp,validate,ascii_8,8,4.03917,250000
6,utfcpp,decode,ascii_8,8,7.138,14500000
6,utfcpp,validate,ascii_32,32,11.7734,65536
6,utfcpp,decode,ascii_32,32,22.3484,6422528
6,utfcpp,validate,korean_title,29,23.7825,72315
6,utfcpp,decode,korean_title,29,24.9205,9545580
6,utfcpp,validate,japanese_title,33,28.7693,63550
6,utfcpp,decode,japanese_title,33,27.2627,8897000
6,utfcpp,validate,mixed_256,260,257.331,8065
6,utfcpp,decode,mixed_256,260,217.509,7339150
6,utfcpp,validate,file_64k,65565,66813.0,512
6,utfcpp,decode,file_64k,65565,51885.9,18575872
6,utfcpp,validate,bad_head_64k,65565,2.11523,0
6,utfcpp,decode,bad_head_64k,65565,3257.08,0
6,utfcpp,validate,bad_tail_64k,65565,66936.0,0
6,utfcpp,decode,bad_tail_64k,65565,55329.4,0
6,utfcpp,validate,truncated_32,32,11.7766,0
6,utfcpp,decode,truncated_32,32,3324.28,0
6,utfcpp,frame,stable,,83406.5,4896000
6,utfcpp,frame,changing,,92682.59999999999,4896000
